0013b703-9923-11f0-818f-0050564c5b43,23due0156-dddd-2222-9999-01234567890,81b428dd-0b00-11f0-9250-0050564c5b43,passed,2025-09-24 08:46:45,7eae20a3-d233-11f0-8ce9-0050564c5b43,2020-11-21,feueron
0037b255-9923-11f0-818f-0050564c5b43,23due0156-dddd-2222-9999-01234567890,6cb33f49-b1c4-11ef-b620-0242ac110002,passed,2025-09-24 08:46:45,7eae20a3-d233-11f0-8ce9-0050564c5b43,,feueron
005a8486-9923-11f0-818f-0050564c5b43,23due0156-dddd-2222-9999-01234567890,6ca7e067-b1c4-11ef-b620-0242ac110002,passed,2025-09-24 08:46:45,7eae20a3-d233-11f0-8ce9-0050564c5b43,,feueron
007f2a9c-9923-11f0-818f-0050564c5b43,23due0156-dddd-2222-9999-01234567890,6caa8267-b1c4-11ef-b620-0242ac110002,passed,2025-09-24 08:46:45,7eae20a3-d233-11f0-8ce9-0050564c5b43,,feueron
0090c916-0822-11f1-9c6b-0050564c5b43,a12bc23d-1111-4444-8888-7890123456ab,81cbff32-0b00-11f0-9250-0050564c5b43,passed,2026-02-12 14:49:15,7eae20a3-d233-11f0-8ce9-0050564c5b43,2026-10-14,feueron
00a4d708-9923-11f0-818f-0050564c5b43,23due0156-dddd-2222-9999-01234567890,6cb9eaba-b1c4-11ef-b620-0242ac110002,passed,2025-09-24 08:46:46,7eae20a3-d233-11f0-8ce9-0050564c5b43,,feueron
00ada3ad-247e-11f0-a302-0050564c5b43,7efo5601-eeee-3333-4444-567890123456,6ca9021d-b1c4-11ef-b620-0242ac110002,passed,2025-09-15 20:15:08,7eae20a3-d233-11f0-8ce9-0050564c5b43,,feueron
00c0da51-e893-11f0-8ce9-0050564c5b43,7e88f90a-eeee-1111-5555-456789012378,81bb552f-0b00-11f0-9250-0050564c5b43,passed,2026-01-03 10:57:31,7eae20a3-d233-11f0-8ce9-0050564c5b43,2026-12-19,feueron
018b4267-f9d1-11f0-9c6b-0050564c5b43,01ri8934-1111-6666-7777-890123456789,e4c9ae9c-0aff-11f0-9250-0050564c5b43,passed,2026-01-25 09:34:11,7eae20a3-d233-11f0-8ce9-0050564c5b43,2028-10-06,feueron
01d4fe52-f9d1-11f0-9c6b-0050564c5b43,01ri8934-1111-6666-7777-890123456789,81b428dd-0b00-11f0-9250-0050564c5b43,passed,2026-01-25 09:34:12,7eae20a3-d233-11f0-8ce9-0050564c5b43,2026-10-26,feueron
01d560e3-bda2-11f0-be7f-0050564c5b43,3a44b5c6-aaaa-dddd-1111-012345678934,e9c2c06e-0bfb-11f0-9250-0050564c5b43,passed,2025-11-09 19:26:36,7eae20a3-d233-11f0-8ce9-0050564c5b43,,app
021edc22-f9d1-11f0-9c6b-0050564c5b43,01ri8934-1111-6666-7777-890123456789,81cbff32-0b00-11f0-9250-0050564c5b43,passed,2026-01-25 09:34:12,7eae20a3-d233-11f0-8ce9-0050564c5b43,2027-01-12,feueron
0226abb0-f9cf-11f0-9c6b-0050564c5b43,2933a4b5-9999-cccc-0000-901234567823,81b428dd-0b00-11f0-9250-0050564c5b43,passed,2026-01-25 09:19:53,7eae20a3-d233-11f0-8ce9-0050564c5b43,2026-11-30,feueron
0268b60c-f9d1-11f0-9c6b-0050564c5b43,01ri8934-1111-6666-7777-890123456789,81bb552f-0b00-11f0-9250-0050564c5b43,passed,2026-01-25 09:34:13,7eae20a3-d233-11f0-8ce9-0050564c5b43,2026-12-19,feueron
027267dd-f9cf-11f0-9c6b-0050564c5b43,2933a4b5-9999-cccc-0000-901234567823,81bb552f-0b00-11f0-9250-0050564c5b43,passed,2026-01-25 09:19:54,7eae20a3-d233-11f0-8ce9-0050564c5b43,2026-12-21,feueron
02f86bea-247e-11f0-a302-0050564c5b43,d7b2f88e-3a80-43a1-8112-7697071d87a2,6ca9021d-b1c4-11ef-b620-0242ac110002,passed,2025-09-15 20:15:08,7eae20a3-d233-11f0-8ce9-0050564c5b43,,feueron
03fbbd4c-247e-11f0-a302-0050564c5b43,68ca6960-1aad-494d-9a66-31bdb8a07a0f,6ca9021d-b1c4-11ef-b620-0242ac110002,passed,2025-09-15 20:15:08,7eae20a3-d233-11f0-8ce9-0050564c5b43,,feueron
04378347-9923-11f0-818f-0050564c5b43,e5481491-1445-4af8-bf56-c7aeeff3cde0,81cbff32-0b00-11f0-9250-0050564c5b43,passed,2025-09-24 08:46:52,7eae20a3-d233-11f0-8ce9-0050564c5b43,2025-11-09,feueron
046bcdf7-9923-11f0-818f-0050564c5b43,e5481491-1445-4af8-bf56-c7aeeff3cde0,81b428dd-0b00-11f0-9250-0050564c5b43,passed,2025-09-24 08:46:52,7eae20a3-d233-11f0-8ce9-0050564c5b43,2026-08-24,feueron
048f0adc-27af-11f0-a302-0050564c5b43,87ab7ccf-796c-4efd-8f10-d1cd7132599f,b3d855bf-0bc5-11f0-9250-0050564c5b43,passed,2025-09-15 20:15:08,7eae20a3-d233-11f0-8ce9-0050564c5b43,,feueron
0536e800-2c40-11f1-9c6b-0050564c5b43,1f36d1aa-a322-49c3-89ea-98ae61c5e6c1,81b428dd-0b00-11f0-9250-0050564c5b43,passed,2026-03-30 13:54:49,7eae20a3-d233-11f0-8ce9-0050564c5b43,2026-12-29,feueron
05543ea2-247e-11f0-a302-0050564c5b43,01ri8934-1111-6666-7777-890123456789,6ca9021d-b1c4-11ef-b620-0242ac110002,passed,2025-09-15 20:15:08,7eae20a3-d233-11f0-8ce9-0050564c5b43,,feueron
059b306e-f9cd-11f0-9c6b-0050564c5b43,c65b3343-e4f0-43e1-8575-1c38e5549386,6cb24b8e-b1c4-11ef-b620-0242ac110002,passed,2026-01-25 09:05:40,7eae20a3-d233-11f0-8ce9-0050564c5b43,2029-04-07,feueron
05dad2c6-b1ca-11ef-b620-0242ac110002,07118293-7777-aaaa-eeee-789012345601,6cad47b9-b1c4-11ef-b620-0242ac110002,passed,2025-09-15 20:15:08,7eae20a3-d233-11f0-8ce9-0050564c5b43,,feueron
05dad4fe-b1ca-11ef-b620-0242ac110002,07118293-7777-aaaa-eeee-789012345601,6cb5eb2e-b1c4-11ef-b620-0242ac110002,passed,2025-09-15 20:15:08,7eae20a3-d233-11f0-8ce9-0050564c5b43,,feueron
05dad54c-b1ca-11ef-b620-0242ac110002,07118293-7777-aaaa-eeee-789012345601,6cac2e12-b1c4-11ef-b620-0242ac110002,passed,2025-09-15 20:15:08,7eae20a3-d233-11f0-8ce9-0050564c5b43,,feueron
05dad58e-b1ca-11ef-b620-0242ac110002,07118293-7777-aaaa-eeee-789012345601,6cb486c8-b1c4-11ef-b620-0242ac110002,passed,2025-09-15 20:15:08,7eae20a3-d233-11f0-8ce9-0050564c5b43,,feueron
05dad5c2-b1ca-11ef-b620-0242ac110002,07118293-7777-aaaa-eeee-789012345601,6cb8662d-b1c4-11ef-b620-0242ac110002,passed,2025-09-15 20:15:08,7eae20a3-d233-11f0-8ce9-0050564c5b43,,feueron
05dad5f4-b1ca-11ef-b620-0242ac110002,07118293-7777-aaaa-eeee-789012345601,6caa8267-b1c4-11ef-b620-0242ac110002,passed,2025-09-15 20:15:08,7eae20a3-d233-11f0-8ce9-0050564c5b43,,feueron
05dad62b-b1ca-11ef-b620-0242ac110002,07118293-7777-aaaa-eeee-789012345601,6ca7e067-b1c4-11ef-b620-0242ac110002,passed,2025-09-15 20:15:08,7eae20a3-d233-11f0-8ce9-0050564c5b43,,feueron
05dad658-b1ca-11ef-b620-0242ac110002,07118293-7777-aaaa-eeee-789012345601,6cb33f49-b1c4-11ef-b620-0242ac110002,passed,2025-09-15 20:15:08,7eae20a3-d233-11f0-8ce9-0050564c5b43,,feueron
05dad67f-b1ca-11ef-b620-0242ac110002,07118293-7777-aaaa-eeee-789012345601,6ca43f84-b1c4-11ef-b620-0242ac110002,passed,2025-09-15 20:15:08,7eae20a3-d233-11f0-8ce9-0050564c5b43,,feueron
068610f8-247e-11f0-a302-0050564c5b43,23tk0156-3333-8888-9999-012345678901,6ca9021d-b1c4-11ef-b620-0242ac110002,passed,2025-09-15 20:15:08,7eae20a3-d233-11f0-8ce9-0050564c5b43,,feueron
07d294ad-de95-11f0-8ce9-0050564c5b43,d4e03bf9-070f-4993-ac8e-86a806b03dfc,81cbff32-0b00-11f0-9250-0050564c5b43,passed,2025-12-21 17:46:50,7eae20a3-d233-11f0-8ce9-0050564c5b43,2026-11-17,app
098ad3ad-0822-11f1-9c6b-0050564c5b43,b23cd34e-2222-5555-9999-8901234567bc,81b428dd-0b00-11f0-9250-0050564c5b43,passed,2026-02-12 14:49:30,7eae20a3-d233-11f0-8ce9-0050564c5b43,2026-12-01,feueron
09a10112-0822-11f1-9c6b-0050564c5b43,b23cd34e-2222-5555-9999-8901234567bc,81bb552f-0b00-11f0-9250-0050564c5b43,passed,2026-02-12 14:49:30,7eae20a3-d233-11f0-8ce9-0050564c5b43,2026-12-25,feueron
09e06d8f-27af-11f0-a302-0050564c5b43,a11b2c3d-1111-4444-8888-1234567890ab,b3d855bf-0bc5-11f0-9250-0050564c5b43,passed,2025-09-15 20:15:08,7eae20a3-d233-11f0-8ce9-0050564c5b43,,feueron
0b0ea1de-b1ca-11ef-b620-0242ac110002,182293a4-8888-bbbb-ffff-890123456712,6cb5eb2e-b1c4-11ef-b620-0242ac110002,passed,2025-09-15 20:15:08,7eae20a3-d233-11f0-8ce9-0050564c5b43,,feueron
0b0ea7f6-b1ca-11ef-b620-0242ac110002,182293a4-8888-bbbb-ffff-890123456712,6cb24b8e-b1c4-11ef-b620-0242ac110002,passed,2025-09-15 20:15:08,7eae20a3-d233-11f0-8ce9-0050564c5b43,,feueron
0b0ea89a-b1ca-11ef-b620-0242ac110002,182293a4-8888-bbbb-ffff-890123456712,6cb9eaba-b1c4-11ef-b620-0242ac110002,passed,2025-09-15 20:15:08,7eae20a3-d233-11f0-8ce9-0050564c5b43,,feueron
0b0ea933-b1ca-11ef-b620-0242ac110002,182293a4-8888-bbbb-ffff-890123456712,6ca9021d-b1c4-11ef-b620-0242ac110002,passed,2025-09-15 20:15:08,7eae20a3-d233-11f0-8ce9-0050564c5b43,,feueron
0b0ea9c9-b1ca-11ef-b620-0242ac110002,182293a4-8888-bbbb-ffff-890123456712,6cb8662d-b1c4-11ef-b620-0242ac110002,passed,2025-09-15 20:15:08,7eae20a3-d233-11f0-8ce9-0050564c5b43,,feueron
0b0eaa84-b1ca-11ef-b620-0242ac110002,182293a4-8888-bbbb-ffff-890123456712,6caa8267-b1c4-11ef-b620-0242ac110002,passed,2025-09-15 20:15:08,7eae20a3-d233-11f0-8ce9-0050564c5b43,,feueron
0b0eab15-b1ca-11ef-b620-0242ac110002,182293a4-8888-bbbb-ffff-890123456712,6ca7e067-b1c4-11ef-b620-0242ac110002,passed,2025-09-15 20:15:08,7eae20a3-d233-11f0-8ce9-0050564c5b43,,feueron
0b0eab90-b1ca-11ef-b620-0242ac110002,182293a4-8888-bbbb-ffff-890123456712,6cb33f49-b1c4-11ef-b620-0242ac110002,passed,2025-09-15 20:15:08,7eae20a3-d233-11f0-8ce9-0050564c5b43,,feueron
0b52d4e1-247e-11f0-a302-0050564c5b43,45vm2378-5555-aaaa-1111-234567890123,6ca9021d-b1c4-11ef-b620-0242ac110002,passed,2025-09-15 20:15:08,7eae20a3-d233-11f0-8ce9-0050564c5b43,,feueron
0c17621c-9923-11f0-818f-0050564c5b43,98cd9bd6-09bf-4e64-915a-96063271b437,81cbff32-0b00-11f0-9250-0050564c5b43,passed,2025-09-24 08:47:05,7eae20a3-d233-11f0-8ce9-0050564c5b43,2025-08-06,feueron
0c3b538c-9923-11f0-818f-0050564c5b43,98cd9bd6-09bf-4e64-915a-96063271b437,e4c9ae9c-0aff-11f0-9250-0050564c5b43,passed,2025-09-24 08:47:05,7eae20a3-d233-11f0-8ce9-0050564c5b43,2028-04-15,feueron
0cd1a479-e766-11f0-8ce9-0050564c5b43,c33d4e5f-3333-6666-aaaa-3456789012cd,81b428dd-0b00-11f0-9250-0050564c5b43,passed,2026-01-01 23:03:13,7eae20a3-d233-11f0-8ce9-0050564c5b43,,feueron
0ce4497b-e766-11f0-8ce9-0050564c5b43,c33d4e5f-3333-6666-aaaa-3456789012cd,81b428dd-0b00-11f0-9250-0050564c5b43,passed,2026-01-01 23:03:13,7eae20a3-d233-11f0-8ce9-0050564c5b43,,feueron
0cf7bf1c-e766-11f0-8ce9-0050564c5b43,c33d4e5f-3333-6666-aaaa-3456789012cd,81cbff32-0b00-11f0-9250-0050564c5b43,passed,2026-01-01 23:03:13,7eae20a3-d233-11f0-8ce9-0050564c5b43,,feueron
0cfd44b7-010e-11f1-9c6b-0050564c5b43,12sj9045-2222-7777-8888-901234567890,81b428dd-0b00-11f0-9250-0050564c5b43,passed,2026-02-03 14:38:48,7eae20a3-d233-11f0-8ce9-0050564c5b43,2026-10-26,feueron
0d49fd48-010e-11f1-9c6b-0050564c5b43,12sj9045-2222-7777-8888-901234567890,81bb552f-0b00-11f0-9250-0050564c5b43,passed,2026-02-03 14:38:48,7eae20a3-d233-11f0-8ce9-0050564c5b43,2026-12-20,feueron
0d9af501-e893-11f0-8ce9-0050564c5b43,a12bc23d-1111-4444-8888-7890123456ab,81cbff32-0b00-11f0-9250-0050564c5b43,passed,2026-01-03 10:57:53,7eae20a3-d233-11f0-8ce9-0050564c5b43,2026-10-13,feueron
0dcdaa5f-bda3-11f0-be7f-0050564c5b43,89zq6712-9999-eeee-5555-678901234567,6cb24b8e-b1c4-11ef-b620-0242ac110002,passed,2025-11-09 19:34:05,7eae20a3-d233-11f0-8ce9-0050564c5b43,,app
0de5a434-cabf-11f0-8ce9-0050564c5b43,90qh7823-0000-5555-6666-789012345678,b3d855bf-0bc5-11f0-9250-0050564c5b43,passed,2025-11-26 11:57:16,7eae20a3-d233-11f0-8ce9-0050564c5b43,,feueron
100d05fb-b1ca-11ef-b620-0242ac110002,2933a4b5-9999-cccc-0000-901234567823,6cb9eaba-b1c4-11ef-b620-0242ac110002,passed,2025-09-15 20:15:08,7eae20a3-d233-11f0-8ce9-0050564c5b43,,feueron
100d0ac0-b1ca-11ef-b620-0242ac110002,2933a4b5-9999-cccc-0000-901234567823,6ca9021d-b1c4-11ef-b620-0242ac110002,passed,2025-09-15 20:15:08,7eae20a3-d233-11f0-8ce9-0050564c5b43,,feueron
100d0bb2-b1ca-11ef-b620-0242ac110002,2933a4b5-9999-cccc-0000-901234567823,6ca7e067-b1c4-11ef-b620-0242ac110002,passed,2025-09-15 20:15:08,7eae20a3-d233-11f0-8ce9-0050564c5b43,,feueron
100d0c46-b1ca-11ef-b620-0242ac110002,2933a4b5-9999-cccc-0000-901234567823,6caa8267-b1c4-11ef-b620-0242ac110002,passed,2025-09-15 20:15:08,7eae20a3-d233-11f0-8ce9-0050564c5b43,,feueron
10315334-247e-11f0-a302-0050564c5b43,89zq6712-9999-eeee-5555-678901234567,6ca9021d-b1c4-11ef-b620-0242ac110002,passed,2025-09-15 20:15:08,7eae20a3-d233-11f0-8ce9-0050564c5b43,,feueron
10490241-e768-11f0-8ce9-0050564c5b43,23tk0156-3333-8888-9999-012345678901,e4c9ae9c-0aff-11f0-9250-0050564c5b43,passed,2026-01-01 23:17:38,7eae20a3-d233-11f0-8ce9-0050564c5b43,2022-12-31,feueron
111b07ec-9924-11f0-818f-0050564c5b43,189i9045-8888-dddd-eeee-9012345678f0,81cbff32-0b00-11f0-9250-0050564c5b43,passed,2025-09-24 08:54:23,7eae20a3-d233-11f0-8ce9-0050564c5b43,2026-04-02,feueron
1125bc4b-e893-11f0-8ce9-0050564c5b43,b23cd34e-2222-5555-9999-8901234567bc,81b428dd-0b00-11f0-9250-0050564c5b43,passed,2026-01-03 10:57:59,7eae20a3-d233-11f0-8ce9-0050564c5b43,2026-11-30,feueron
116fbb03-e893-11f0-8ce9-0050564c5b43,b23cd34e-2222-5555-9999-8901234567bc,81bb552f-0b00-11f0-9250-0050564c5b43,passed,2026-01-03 10:57:59,7eae20a3-d233-11f0-8ce9-0050564c5b43,2026-12-24,feueron
11ef4317-f9cf-11f0-9c6b-0050564c5b43,3a44b5c6-aaaa-dddd-1111-012345678934,81b428dd-0b00-11f0-9250-0050564c5b43,passed,2026-01-25 09:20:20,7eae20a3-d233-11f0-8ce9-0050564c5b43,2026-10-10,feueron
12175069-eaf3-11f0-8ce9-0050564c5b43,052d4e18-26b4-4c0c-9290-416e9e7bb6d5,81cbff32-0b00-11f0-9250-0050564c5b43,passed,2026-01-06 11:30:14,7eae20a3-d233-11f0-8ce9-0050564c5b43,2026-10-13,feueron
123942bd-f9cf-11f0-9c6b-0050564c5b43,3a44b5c6-aaaa-dddd-1111-012345678934,81bb552f-0b00-11f0-9250-0050564c5b43,passed,2026-01-25 09:20:20,7eae20a3-d233-11f0-8ce9-0050564c5b43,2026-12-19,feueron
127e479e-eaf3-11f0-8ce9-0050564c5b43,052d4e18-26b4-4c0c-9290-416e9e7bb6d5,81bb552f-0b00-11f0-9250-0050564c5b43,passed,2026-01-06 11:30:15,7eae20a3-d233-11f0-8ce9-0050564c5b43,2026-12-25,feueron
1284a26d-e763-11f0-8ce9-0050564c5b43,8e805e1e-6ff0-4959-abf3-85b2fc802f46,e4c9ae9c-0aff-11f0-9250-0050564c5b43,passed,2026-01-01 22:41:54,7eae20a3-d233-11f0-8ce9-0050564c5b43,2022-12-31,feueron
12e4c1be-0b08-11f0-9250-0050564c5b43,3abk1267-aaaa-ffff-0000-123456789012,81b428dd-0b00-11f0-9250-0050564c5b43,passed,2025-09-15 20:15:08,7eae20a3-d233-11f0-8ce9-0050564c5b43,2023-09-23,app
132a1603-0821-11f1-9c6b-0050564c5b43,b22c3d4e-2222-5555-9999-2345678901bc,81bb552f-0b00-11f0-9250-0050564c5b43,passed,2026-02-12 14:42:37,7eae20a3-d233-11f0-8ce9-0050564c5b43,2026-12-22,feueron
13b9bcce-0b08-11f0-9250-0050564c5b43,4bcl2378-bbbb-0000-1111-234567890123,e4c9ae9c-0aff-11f0-9250-0050564c5b43,passed,2025-09-15 20:15:08,7eae20a3-d233-11f0-8ce9-0050564c5b43,2026-08-01,app
13b9bcf0-0b08-11f0-9250-0050564c5b43,4bcl2378-bbbb-0000-1111-234567890123,81b428dd-0b00-11f0-9250-0050564c5b43,passed,2025-09-15 20:15:08,7eae20a3-d233-11f0-8ce9-0050564c5b43,2026-02-10,app
13b9c829-0b08-11f0-9250-0050564c5b43,4bcl2378-bbbb-0000-1111-234567890123,81bb552f-0b00-11f0-9250-0050564c5b43,passed,2025-09-15 20:15:08,7eae20a3-d233-11f0-8ce9-0050564c5b43,2025-05-06,app
13bccd03-0b08-11f0-9250-0050564c5b43,4bcl2378-bbbb-0000-1111-234567890123,81c11937-0b00-11f0-9250-0050564c5b43,passed,2025-09-15 20:15:08,7eae20a3-d233-11f0-8ce9-0050564c5b43,2024-09-18,app
13d81396-933f-11f0-93be-0050564c5b43,c65b3343-e4f0-43e1-8575-1c38e5549386,e4c9ae9c-0aff-11f0-9250-0050564c5b43,not-passed,2025-09-16 20:52:37,7eae20a3-d233-11f0-8ce9-0050564c5b43,,app
140e5c75-de95-11f0-8ce9-0050564c5b43,d4e03bf9-070f-4993-ac8e-86a806b03dfc,81bb552f-0b00-11f0-9250-0050564c5b43,passed,2025-12-21 17:47:11,7eae20a3-d233-11f0-8ce9-0050564c5b43,2026-02-09,app
1412e14e-3659-11f1-9c6b-0050564c5b43,07a2a530-c201-4c04-b9e7-8278676ea632,6ca6a4d8-b1c4-11ef-b620-0242ac110002,passed,2026-04-12 10:19:24,7eae20a3-d233-11f0-8ce9-0050564c5b43,,feueron
147599e7-0b08-11f0-9250-0050564c5b43,444e9a02-745a-4723-90f2-722e399ef59f,e4c9ae9c-0aff-11f0-9250-0050564c5b43,passed,2025-09-15 20:15:08,7eae20a3-d233-11f0-8ce9-0050564c5b43,,app
152c4376-0b08-11f0-9250-0050564c5b43,5cdm3489-cccc-1111-2222-345678901234,e4c9ae9c-0aff-11f0-9250-0050564c5b43,passed,2025-09-15 20:15:08,7eae20a3-d233-11f0-8ce9-0050564c5b43,2020-12-31,app
15874885-b1ca-11ef-b620-0242ac110002,3a44b5c6-aaaa-dddd-1111-012345678934,6cb8662d-b1c4-11ef-b620-0242ac110002,passed,2025-09-15 20:15:08,7eae20a3-d233-11f0-8ce9-0050564c5b43,,feueron
15874d62-b1ca-11ef-b620-0242ac110002,3a44b5c6-aaaa-dddd-1111-012345678934,6ca7e067-b1c4-11ef-b620-0242ac110002,passed,2025-09-15 20:15:08,7eae20a3-d233-11f0-8ce9-0050564c5b43,,feueron
15874e1b-b1ca-11ef-b620-0242ac110002,3a44b5c6-aaaa-dddd-1111-012345678934,6cb33f49-b1c4-11ef-b620-0242ac110002,passed,2025-09-15 20:15:08,7eae20a3-d233-11f0-8ce9-0050564c5b43,,feueron
15874ea9-b1ca-11ef-b620-0242ac110002,3a44b5c6-aaaa-dddd-1111-012345678934,6caa8267-b1c4-11ef-b620-0242ac110002,passed,2025-09-15 20:15:08,7eae20a3-d233-11f0-8ce9-0050564c5b43,,feueron
15f9ae12-0b08-11f0-9250-0050564c5b43,6den4590-dddd-2222-3333-456789012345,e4c9ae9c-0aff-11f0-9250-0050564c5b43,passed,2025-09-15 20:15:08,7eae20a3-d233-11f0-8ce9-0050564c5b43,2020-12-31,app
1637adf3-2c40-11f1-9c6b-0050564c5b43,d5a4196b-c170-4085-8491-57fe27fd1a42,4d1593a6-32a2-11f0-a302-0050564c5b43,passed,2026-03-30 13:55:17,7eae20a3-d233-11f0-8ce9-0050564c5b43,2031-03-11,feueron
164ad148-e7cb-11f0-8ce9-0050564c5b43,e01acdb7-36a7-4c26-8009-4a72e3143ec8,6ca6a4d8-b1c4-11ef-b620-0242ac110002,passed,2026-01-02 11:06:28,7eae20a3-d233-11f0-8ce9-0050564c5b43,2021-11-05,feueron
16726231-4308-11f1-9c6b-0050564c5b43,e01acdb7-36a7-4c26-8009-4a72e3143ec8,81b428dd-0b00-11f0-9250-0050564c5b43,passed,2026-04-28 13:42:24,7eae20a3-d233-11f0-8ce9-0050564c5b43,2027-04-14,feueron
1673cd7d-247e-11f0-a302-0050564c5b43,1f36d1aa-a322-49c3-89ea-98ae61c5e6c1,81b428dd-0b00-11f0-9250-0050564c5b43,passed,2025-09-15 20:15:08,7eae20a3-d233-11f0-8ce9-0050564c5b43,2026-03-15,app
16761ef0-4308-11f1-9c6b-0050564c5b43,e01acdb7-36a7-4c26-8009-4a72e3143ec8,81bb552f-0b00-11f0-9250-0050564c5b43,passed,2026-04-28 13:42:24,7eae20a3-d233-11f0-8ce9-0050564c5b43,2027-04-14,feueron
1703dc3c-0823-11f1-9c6b-0050564c5b43,34ul1267-4444-9999-0000-123456789012,e4c9ae9c-0aff-11f0-9250-0050564c5b43,passed,2026-02-12 14:57:02,7eae20a3-d233-11f0-8ce9-0050564c5b43,2026-12-10,feueron
17153557-0823-11f1-9c6b-0050564c5b43,34ul1267-4444-9999-0000-123456789012,4d1593a6-32a2-11f0-a302-0050564c5b43,passed,2026-02-12 14:57:02,7eae20a3-d233-11f0-8ce9-0050564c5b43,2021-02-10,feueron
17276a86-0823-11f1-9c6b-0050564c5b43,34ul1267-4444-9999-0000-123456789012,81cbff32-0b00-11f0-9250-0050564c5b43,passed,2026-02-12 14:57:03,7eae20a3-d233-11f0-8ce9-0050564c5b43,2026-10-07,feueron
173b87b5-0823-11f1-9c6b-0050564c5b43,34ul1267-4444-9999-0000-123456789012,81bb552f-0b00-11f0-9250-0050564c5b43,passed,2026-02-12 14:57:03,7eae20a3-d233-11f0-8ce9-0050564c5b43,2026-11-28,feueron
17803632-e763-11f0-8ce9-0050564c5b43,1f776d97-8be9-41bc-8d11-4e40ff0e902d,e4c9ae9c-0aff-11f0-9250-0050564c5b43,passed,2026-01-01 22:42:03,7eae20a3-d233-11f0-8ce9-0050564c5b43,2022-12-31,feueron
17cb5439-f9d1-11f0-9c6b-0050564c5b43,12sj9045-2222-7777-8888-901234567890,b3d855bf-0bc5-11f0-9250-0050564c5b43,passed,2026-01-25 09:34:48,7eae20a3-d233-11f0-8ce9-0050564c5b43,,feueron
17f50988-9923-11f0-818f-0050564c5b43,d4e03bf9-070f-4993-ac8e-86a806b03dfc,81cbff32-0b00-11f0-9250-0050564c5b43,passed,2025-09-24 08:47:25,7eae20a3-d233-11f0-8ce9-0050564c5b43,2025-12-10,feueron
18014061-0b08-11f0-9250-0050564c5b43,8fpg6712-ffff-4444-5555-678901234567,e4c9ae9c-0aff-11f0-9250-0050564c5b43,passed,2025-09-15 20:15:08,7eae20a3-d233-11f0-8ce9-0050564c5b43,2024-11-10,app
1801462c-0b08-11f0-9250-0050564c5b43,8fpg6712-ffff-4444-5555-678901234567,81b428dd-0b00-11f0-9250-0050564c5b43,passed,2025-09-15 20:15:08,7eae20a3-d233-11f0-8ce9-0050564c5b43,2026-01-24,app
180149d1-0b08-11f0-9250-0050564c5b43,8fpg6712-ffff-4444-5555-678901234567,81bb552f-0b00-11f0-9250-0050564c5b43,passed,2025-09-15 20:15:08,7eae20a3-d233-11f0-8ce9-0050564c5b43,2024-09-18,app
18040d35-0b08-11f0-9250-0050564c5b43,8fpg6712-ffff-4444-5555-678901234567,81c11937-0b00-11f0-9250-0050564c5b43,passed,2025-09-15 20:15:08,7eae20a3-d233-11f0-8ce9-0050564c5b43,2024-09-18,app
18348fe1-9923-11f0-818f-0050564c5b43,d4e03bf9-070f-4993-ac8e-86a806b03dfc,81b428dd-0b00-11f0-9250-0050564c5b43,passed,2025-09-24 08:47:25,7eae20a3-d233-11f0-8ce9-0050564c5b43,2026-03-21,feueron
185fb13d-933f-11f0-93be-0050564c5b43,c65b3343-e4f0-43e1-8575-1c38e5549386,81bb552f-0b00-11f0-9250-0050564c5b43,not-passed,2025-09-16 20:52:44,7eae20a3-d233-11f0-8ce9-0050564c5b43,,app
18bc0216-0b07-11f0-9250-0050564c5b43,11d515ba-efb4-472a-89d6-820b234f0f6a,e4c9ae9c-0aff-11f0-9250-0050564c5b43,passed,2025-09-15 20:15:08,7eae20a3-d233-11f0-8ce9-0050564c5b43,2020-12-31,app
18c0e693-2c40-11f1-9c6b-0050564c5b43,e5481491-1445-4af8-bf56-c7aeeff3cde0,81b428dd-0b00-11f0-9250-0050564c5b43,passed,2026-03-30 13:55:21,7eae20a3-d233-11f0-8ce9-0050564c5b43,2027-02-02,feueron
18dc1e29-2c40-11f1-9c6b-0050564c5b43,e5481491-1445-4af8-bf56-c7aeeff3cde0,6ca6a4d8-b1c4-11ef-b620-0242ac110002,passed,2026-03-30 13:55:22,7eae20a3-d233-11f0-8ce9-0050564c5b43,2023-09-10,feueron
19195c4c-010c-11f1-9c6b-0050564c5b43,5c66d7e8-cccc-ffff-3333-234567890156,6ca6a4d8-b1c4-11ef-b620-0242ac110002,passed,2026-02-03 14:24:49,7eae20a3-d233-11f0-8ce9-0050564c5b43,2024-05-23,feueron
197b3a4a-0b08-11f0-9250-0050564c5b43,68ca6960-1aad-494d-9a66-31bdb8a07a0f,e4c9ae9c-0aff-11f0-9250-0050564c5b43,passed,2025-09-15 20:15:08,7eae20a3-d233-11f0-8ce9-0050564c5b43,2019-09-14,app
1b2d4f27-0b08-11f0-9250-0050564c5b43,90qh7823-0000-5555-6666-789012345678,81b428dd-0b00-11f0-9250-0050564c5b43,passed,2025-09-15 20:15:08,7eae20a3-d233-11f0-8ce9-0050564c5b43,2015-11-13,app
1b2d9ef8-247e-11f0-a302-0050564c5b43,78yp5601-8888-dddd-4444-567890123456,6ca7e067-b1c4-11ef-b620-0242ac110002,passed,2025-09-15 20:15:08,7eae20a3-d233-11f0-8ce9-0050564c5b43,,feueron
1b2f9774-247e-11f0-a302-0050564c5b43,78yp5601-8888-dddd-4444-567890123456,81bb552f-0b00-11f0-9250-0050564c5b43,passed,2025-09-15 20:15:08,7eae20a3-d233-11f0-8ce9-0050564c5b43,2026-03-22,app
1b2fabcd-247e-11f0-a302-0050564c5b43,78yp5601-8888-dddd-4444-567890123456,81b428dd-0b00-11f0-9250-0050564c5b43,passed,2025-09-15 20:15:08,7eae20a3-d233-11f0-8ce9-0050564c5b43,2026-03-22,app
1b30ba18-0b08-11f0-9250-0050564c5b43,90qh7823-0000-5555-6666-789012345678,81bb552f-0b00-11f0-9250-0050564c5b43,passed,2025-09-15 20:15:08,7eae20a3-d233-11f0-8ce9-0050564c5b43,2025-05-06,app
1b30f43e-247e-11f0-a302-0050564c5b43,78yp5601-8888-dddd-4444-567890123456,6ca9021d-b1c4-11ef-b620-0242ac110002,passed,2025-09-15 20:15:08,7eae20a3-d233-11f0-8ce9-0050564c5b43,,feueron
1b329564-0b08-11f0-9250-0050564c5b43,90qh7823-0000-5555-6666-789012345678,81c11937-0b00-11f0-9250-0050564c5b43,passed,2025-09-15 20:15:08,7eae20a3-d233-11f0-8ce9-0050564c5b43,2025-05-20,app
1b39703c-e7cb-11f0-8ce9-0050564c5b43,85412c95-9ed2-4f6e-9359-431a0d3f9ebd,6ca6a4d8-b1c4-11ef-b620-0242ac110002,passed,2026-01-02 11:06:36,7eae20a3-d233-11f0-8ce9-0050564c5b43,,feueron
1b914232-0b07-11f0-9250-0050564c5b43,052d4e18-26b4-4c0c-9290-416e9e7bb6d5,81c11937-0b00-11f0-9250-0050564c5b43,passed,2025-09-15 20:15:08,7eae20a3-d233-11f0-8ce9-0050564c5b43,2024-04-18,app
1b94309e-0b07-11f0-9250-0050564c5b43,052d4e18-26b4-4c0c-9290-416e9e7bb6d5,81bb552f-0b00-11f0-9250-0050564c5b43,passed,2025-09-15 20:15:08,7eae20a3-d233-11f0-8ce9-0050564c5b43,2024-09-18,app
1b94594d-0b07-11f0-9250-0050564c5b43,052d4e18-26b4-4c0c-9290-416e9e7bb6d5,81b428dd-0b00-11f0-9250-0050564c5b43,passed,2025-09-15 20:15:08,7eae20a3-d233-11f0-8ce9-0050564c5b43,2026-04-03,app
1b945eea-0b07-11f0-9250-0050564c5b43,052d4e18-26b4-4c0c-9290-416e9e7bb6d5,e4c9ae9c-0aff-11f0-9250-0050564c5b43,passed,2025-09-15 20:15:08,7eae20a3-d233-11f0-8ce9-0050564c5b43,2027-03-11,app
1bcc879a-4309-11f1-9c6b-0050564c5b43,3d3cac78-13af-4a2e-84c1-dc2e6a83eeee,6ca6a4d8-b1c4-11ef-b620-0242ac110002,passed,2026-04-28 13:49:42,7eae20a3-d233-11f0-8ce9-0050564c5b43,,feueron
1bd233cb-b1ca-11ef-b620-0242ac110002,4b55c6d7-bbbb-eeee-2222-123456789045,6cb9eaba-b1c4-11ef-b620-0242ac110002,passed,2025-09-15 20:15:08,7eae20a3-d233-11f0-8ce9-0050564c5b43,,feueron
1bd23e33-b1ca-11ef-b620-0242ac110002,4b55c6d7-bbbb-eeee-2222-123456789045,6cac2e12-b1c4-11ef-b620-0242ac110002,passed,2025-09-15 20:15:08,7eae20a3-d233-11f0-8ce9-0050564c5b43,,feueron
1bd241dc-b1ca-11ef-b620-0242ac110002,4b55c6d7-bbbb-eeee-2222-123456789045,6ca9021d-b1c4-11ef-b620-0242ac110002,passed,2025-09-15 20:15:08,7eae20a3-d233-11f0-8ce9-0050564c5b43,,feueron
1bd242d6-b1ca-11ef-b620-0242ac110002,4b55c6d7-bbbb-eeee-2222-123456789045,6cb8662d-b1c4-11ef-b620-0242ac110002,passed,2025-09-15 20:15:08,7eae20a3-d233-11f0-8ce9-0050564c5b43,,feueron
1bd24370-b1ca-11ef-b620-0242ac110002,4b55c6d7-bbbb-eeee-2222-123456789045,6ca7e067-b1c4-11ef-b620-0242ac110002,passed,2025-09-15 20:15:08,7eae20a3-d233-11f0-8ce9-0050564c5b43,,feueron
1bd2443d-b1ca-11ef-b620-0242ac110002,4b55c6d7-bbbb-eeee-2222-123456789045,6cb33f49-b1c4-11ef-b620-0242ac110002,passed,2025-09-15 20:15:08,7eae20a3-d233-11f0-8ce9-0050564c5b43,,feueron
1bd24592-b1ca-11ef-b620-0242ac110002,4b55c6d7-bbbb-eeee-2222-123456789045,6caa8267-b1c4-11ef-b620-0242ac110002,passed,2025-09-15 20:15:08,7eae20a3-d233-11f0-8ce9-0050564c5b43,,feueron
1bd24660-b1ca-11ef-b620-0242ac110002,4b55c6d7-bbbb-eeee-2222-123456789045,6ca43f84-b1c4-11ef-b620-0242ac110002,passed,2025-09-15 20:15:08,7eae20a3-d233-11f0-8ce9-0050564c5b43,,feueron
1c217913-e893-11f0-8ce9-0050564c5b43,d45ef560-4444-7777-bbbb-0123456789de,6ca6a4d8-b1c4-11ef-b620-0242ac110002,passed,2026-01-03 10:58:17,7eae20a3-d233-11f0-8ce9-0050564c5b43,2022-11-22,feueron
1c22f7fc-0b08-11f0-9250-0050564c5b43,01ri8934-1111-6666-7777-890123456789,81b428dd-0b00-11f0-9250-0050564c5b43,passed,2025-09-15 20:15:08,7eae20a3-d233-11f0-8ce9-0050564c5b43,2024-01-23,app
1c2619be-0b08-11f0-9250-0050564c5b43,01ri8934-1111-6666-7777-890123456789,81bb552f-0b00-11f0-9250-0050564c5b43,passed,2025-09-15 20:15:08,7eae20a3-d233-11f0-8ce9-0050564c5b43,2011-12-03,app
1c2b63b8-0b08-11f0-9250-0050564c5b43,01ri8934-1111-6666-7777-890123456789,81c11937-0b00-11f0-9250-0050564c5b43,passed,2025-09-15 20:15:08,7eae20a3-d233-11f0-8ce9-0050564c5b43,2025-05-20,app
1c7878c0-f9d1-11f0-9c6b-0050564c5b43,12sj9045-2222-7777-8888-901234567890,81b428dd-0b00-11f0-9250-0050564c5b43,passed,2026-01-25 09:34:56,7eae20a3-d233-11f0-8ce9-0050564c5b43,2026-10-26,feueron
1cd10fa0-f9d1-11f0-9c6b-0050564c5b43,12sj9045-2222-7777-8888-901234567890,81bb552f-0b00-11f0-9250-0050564c5b43,passed,2026-01-25 09:34:57,7eae20a3-d233-11f0-8ce9-0050564c5b43,2026-12-20,feueron
1dc10b85-e767-11f0-8ce9-0050564c5b43,e56f6712-5555-aaaa-bbbb-6789012345cd,81cbff32-0b00-11f0-9250-0050564c5b43,passed,2026-01-01 23:10:51,7eae20a3-d233-11f0-8ce9-0050564c5b43,,feueron
1dd663bb-e767-11f0-8ce9-0050564c5b43,e56f6712-5555-aaaa-bbbb-6789012345cd,e4c9ae9c-0aff-11f0-9250-0050564c5b43,passed,2026-01-01 23:10:51,7eae20a3-d233-11f0-8ce9-0050564c5b43,2022-12-31,feueron
1fcfe74b-247e-11f0-a302-0050564c5b43,189i9045-8888-dddd-eeee-9012345678f0,81b428dd-0b00-11f0-9250-0050564c5b43,passed,2025-09-15 20:15:08,7eae20a3-d233-11f0-8ce9-0050564c5b43,2026-04-02,app
1fd026d1-247e-11f0-a302-0050564c5b43,189i9045-8888-dddd-eeee-9012345678f0,6ca6a4d8-b1c4-11ef-b620-0242ac110002,passed,2025-09-15 20:15:08,7eae20a3-d233-11f0-8ce9-0050564c5b43,,feueron
1fd3d453-247e-11f0-a302-0050564c5b43,189i9045-8888-dddd-eeee-9012345678f0,81bb552f-0b00-11f0-9250-0050564c5b43,passed,2025-09-15 20:15:08,7eae20a3-d233-11f0-8ce9-0050564c5b43,2026-04-02,app
1fd51a07-247e-11f0-a302-0050564c5b43,189i9045-8888-dddd-eeee-9012345678f0,6ca7e067-b1c4-11ef-b620-0242ac110002,passed,2025-09-15 20:15:08,7eae20a3-d233-11f0-8ce9-0050564c5b43,,feueron
1ff838ff-0823-11f1-9c6b-0050564c5b43,45vm2378-5555-aaaa-1111-234567890123,81bb552f-0b00-11f0-9250-0050564c5b43,passed,2026-02-12 14:57:17,7eae20a3-d233-11f0-8ce9-0050564c5b43,2026-06-02,feueron
216be8b5-0820-11f1-9c6b-0050564c5b43,c65b3343-e4f0-43e1-8575-1c38e5549386,6cb24b8e-b1c4-11ef-b620-0242ac110002,passed,2026-02-12 14:35:51,7eae20a3-d233-11f0-8ce9-0050564c5b43,2029-04-08,feueron
21766860-eaf3-11f0-8ce9-0050564c5b43,b69e29c0-aa98-46b9-9c61-9556cefc17d3,81b428dd-0b00-11f0-9250-0050564c5b43,passed,2026-01-06 11:30:40,7eae20a3-d233-11f0-8ce9-0050564c5b43,2026-11-30,feueron
21978249-0b08-11f0-9250-0050564c5b43,34ul1267-4444-9999-0000-123456789012,81bb552f-0b00-11f0-9250-0050564c5b43,passed,2025-09-15 20:15:08,7eae20a3-d233-11f0-8ce9-0050564c5b43,2024-11-06,app
21bfd3a8-eaf3-11f0-8ce9-0050564c5b43,b69e29c0-aa98-46b9-9c61-9556cefc17d3,81cbff32-0b00-11f0-9250-0050564c5b43,passed,2026-01-06 11:30:41,7eae20a3-d233-11f0-8ce9-0050564c5b43,2026-11-24,feueron
21ff9f00-b1ca-11ef-b620-0242ac110002,5c66d7e8-cccc-ffff-3333-234567890156,6cad47b9-b1c4-11ef-b620-0242ac110002,passed,2025-09-15 20:15:08,7eae20a3-d233-11f0-8ce9-0050564c5b43,,feueron
21ffa444-b1ca-11ef-b620-0242ac110002,5c66d7e8-cccc-ffff-3333-234567890156,6cb24b8e-b1c4-11ef-b620-0242ac110002,passed,2025-09-15 20:15:08,7eae20a3-d233-11f0-8ce9-0050564c5b43,,feueron
21ffa4fb-b1ca-11ef-b620-0242ac110002,5c66d7e8-cccc-ffff-3333-234567890156,6ca6a4d8-b1c4-11ef-b620-0242ac110002,passed,2025-09-15 20:15:08,7eae20a3-d233-11f0-8ce9-0050564c5b43,,feueron
21ffa59f-b1ca-11ef-b620-0242ac110002,5c66d7e8-cccc-ffff-3333-234567890156,6cb9eaba-b1c4-11ef-b620-0242ac110002,passed,2025-09-15 20:15:08,7eae20a3-d233-11f0-8ce9-0050564c5b43,,feueron
21ffa635-b1ca-11ef-b620-0242ac110002,5c66d7e8-cccc-ffff-3333-234567890156,6cac2e12-b1c4-11ef-b620-0242ac110002,passed,2025-09-15 20:15:08,7eae20a3-d233-11f0-8ce9-0050564c5b43,,feueron
21ffa6c4-b1ca-11ef-b620-0242ac110002,5c66d7e8-cccc-ffff-3333-234567890156,6cb0cd30-b1c4-11ef-b620-0242ac110002,passed,2025-09-15 20:15:08,7eae20a3-d233-11f0-8ce9-0050564c5b43,,feueron
21ffa739-b1ca-11ef-b620-0242ac110002,5c66d7e8-cccc-ffff-3333-234567890156,6ca9021d-b1c4-11ef-b620-0242ac110002,passed,2025-09-15 20:15:08,7eae20a3-d233-11f0-8ce9-0050564c5b43,,feueron
21ffa7b5-b1ca-11ef-b620-0242ac110002,5c66d7e8-cccc-ffff-3333-234567890156,6cb486c8-b1c4-11ef-b620-0242ac110002,passed,2025-09-15 20:15:08,7eae20a3-d233-11f0-8ce9-0050564c5b43,,feueron
21ffa838-b1ca-11ef-b620-0242ac110002,5c66d7e8-cccc-ffff-3333-234567890156,6cb8662d-b1c4-11ef-b620-0242ac110002,passed,2025-09-15 20:15:08,7eae20a3-d233-11f0-8ce9-0050564c5b43,,feueron
21ffa8c0-b1ca-11ef-b620-0242ac110002,5c66d7e8-cccc-ffff-3333-234567890156,6cb33f49-b1c4-11ef-b620-0242ac110002,passed,2025-09-15 20:15:08,7eae20a3-d233-11f0-8ce9-0050564c5b43,,feueron
21ffa942-b1ca-11ef-b620-0242ac110002,5c66d7e8-cccc-ffff-3333-234567890156,6caa8267-b1c4-11ef-b620-0242ac110002,passed,2025-09-15 20:15:08,7eae20a3-d233-11f0-8ce9-0050564c5b43,,feueron
21ffa9c0-b1ca-11ef-b620-0242ac110002,5c66d7e8-cccc-ffff-3333-234567890156,6ca43f84-b1c4-11ef-b620-0242ac110002,passed,2025-09-15 20:15:08,7eae20a3-d233-11f0-8ce9-0050564c5b43,,feueron
2208f4fa-eaf3-11f0-8ce9-0050564c5b43,b69e29c0-aa98-46b9-9c61-9556cefc17d3,81bb552f-0b00-11f0-9250-0050564c5b43,passed,2026-01-06 11:30:41,7eae20a3-d233-11f0-8ce9-0050564c5b43,2026-12-19,feueron
22389ec4-4308-11f1-9c6b-0050564c5b43,b69e29c0-aa98-46b9-9c61-9556cefc17d3,81b428dd-0b00-11f0-9250-0050564c5b43,passed,2026-04-28 13:42:43,7eae20a3-d233-11f0-8ce9-0050564c5b43,2027-03-09,feueron
227248e2-0b08-11f0-9250-0050564c5b43,45vm2378-5555-aaaa-1111-234567890123,81b428dd-0b00-11f0-9250-0050564c5b43,passed,2025-09-15 20:15:08,7eae20a3-d233-11f0-8ce9-0050564c5b43,2025-05-06,app
22726525-0b08-11f0-9250-0050564c5b43,45vm2378-5555-aaaa-1111-234567890123,81bb552f-0b00-11f0-9250-0050564c5b43,passed,2025-09-15 20:15:08,7eae20a3-d233-11f0-8ce9-0050564c5b43,2025-05-06,app
236fff70-9a1b-11f0-818f-0050564c5b43,e55f6071-5555-8888-cccc-5678901234ef,b3d855bf-0bc5-11f0-9250-0050564c5b43,passed,2025-09-25 14:22:59,7eae20a3-d233-11f0-8ce9-0050564c5b43,,app
23efa06f-010a-11f1-9c6b-0050564c5b43,23due0156-dddd-2222-9999-01234567890,e4c9ae9c-0aff-11f0-9250-0050564c5b43,passed,2026-02-03 14:10:48,7eae20a3-d233-11f0-8ce9-0050564c5b43,2028-10-14,feueron
23f8c361-0b08-11f0-9250-0050564c5b43,2fc8a447-1a2e-408f-99da-b9cf17af7458,81bb552f-0b00-11f0-9250-0050564c5b43,passed,2025-09-15 20:15:08,7eae20a3-d233-11f0-8ce9-0050564c5b43,2019-11-24,app
23f8f16a-0b08-11f0-9250-0050564c5b43,2fc8a447-1a2e-408f-99da-b9cf17af7458,81b428dd-0b00-11f0-9250-0050564c5b43,passed,2025-09-15 20:15:08,7eae20a3-d233-11f0-8ce9-0050564c5b43,2019-11-24,app
245ab826-010a-11f1-9c6b-0050564c5b43,23due0156-dddd-2222-9999-01234567890,81cbff32-0b00-11f0-9250-0050564c5b43,passed,2026-02-03 14:10:49,7eae20a3-d233-11f0-8ce9-0050564c5b43,2027-01-12,feueron
2499738a-2c40-11f1-9c6b-0050564c5b43,d4e03bf9-070f-4993-ac8e-86a806b03dfc,81b428dd-0b00-11f0-9250-0050564c5b43,passed,2026-03-30 13:55:41,7eae20a3-d233-11f0-8ce9-0050564c5b43,2027-01-05,feueron
24a70b69-010a-11f1-9c6b-0050564c5b43,23due0156-dddd-2222-9999-01234567890,81bb552f-0b00-11f0-9250-0050564c5b43,passed,2026-02-03 14:10:49,7eae20a3-d233-11f0-8ce9-0050564c5b43,2026-12-23,feueron
2546614e-e766-11f0-8ce9-0050564c5b43,e55f6071-5555-8888-cccc-5678901234ef,4d1593a6-32a2-11f0-a302-0050564c5b43,passed,2026-01-01 23:03:54,7eae20a3-d233-11f0-8ce9-0050564c5b43,2029-06-30,feueron
25912268-0b08-11f0-9250-0050564c5b43,67xo4590-7777-cccc-3333-456789012345,e4c9ae9c-0aff-11f0-9250-0050564c5b43,passed,2025-09-15 20:15:08,7eae20a3-d233-11f0-8ce9-0050564c5b43,2027-07-10,app
2591226c-0b08-11f0-9250-0050564c5b43,67xo4590-7777-cccc-3333-456789012345,81bb552f-0b00-11f0-9250-0050564c5b43,passed,2025-09-15 20:15:08,7eae20a3-d233-11f0-8ce9-0050564c5b43,2025-05-06,app
259125e0-0b08-11f0-9250-0050564c5b43,67xo4590-7777-cccc-3333-456789012345,81b428dd-0b00-11f0-9250-0050564c5b43,passed,2025-09-15 20:15:08,7eae20a3-d233-11f0-8ce9-0050564c5b43,2014-09-20,app
26197da5-994f-11f0-818f-0050564c5b43,8f99a01b-ffff-2222-6666-567890123489,6cb24b8e-b1c4-11ef-b620-0242ac110002,passed,2025-09-24 14:02:46,7eae20a3-d233-11f0-8ce9-0050564c5b43,2027-07-23,feueron
265004ff-de94-11f0-8ce9-0050564c5b43,052d4e18-26b4-4c0c-9290-416e9e7bb6d5,81cbff32-0b00-11f0-9250-0050564c5b43,passed,2025-12-21 17:40:32,7eae20a3-d233-11f0-8ce9-0050564c5b43,2026-10-13,app
26c846a6-0b08-11f0-9250-0050564c5b43,78yp5601-8888-dddd-4444-567890123456,e4c9ae9c-0aff-11f0-9250-0050564c5b43,passed,2025-09-15 20:15:08,7eae20a3-d233-11f0-8ce9-0050564c5b43,2028-01-20,app
27457d6c-b1cd-11ef-b620-0242ac110002,7e88f90a-eeee-1111-5555-456789012378,6ca36e9f-b1c4-11ef-b620-0242ac110002,passed,2025-09-15 20:15:08,7eae20a3-d233-11f0-8ce9-0050564c5b43,,feueron
27458477-b1cd-11ef-b620-0242ac110002,7e88f90a-eeee-1111-5555-456789012378,6ca7e067-b1c4-11ef-b620-0242ac110002,passed,2025-09-15 20:15:08,7eae20a3-d233-11f0-8ce9-0050564c5b43,,feueron
27458579-b1cd-11ef-b620-0242ac110002,7e88f90a-eeee-1111-5555-456789012378,6caa8267-b1c4-11ef-b620-0242ac110002,passed,2025-09-15 20:15:08,7eae20a3-d233-11f0-8ce9-0050564c5b43,,feueron
27458621-b1cd-11ef-b620-0242ac110002,7e88f90a-eeee-1111-5555-456789012378,6cb5eb2e-b1c4-11ef-b620-0242ac110002,passed,2025-09-15 20:15:08,7eae20a3-d233-11f0-8ce9-0050564c5b43,,feueron
274586d1-b1cd-11ef-b620-0242ac110002,7e88f90a-eeee-1111-5555-456789012378,6cb33f49-b1c4-11ef-b620-0242ac110002,passed,2025-09-15 20:15:08,7eae20a3-d233-11f0-8ce9-0050564c5b43,,feueron
27458772-b1cd-11ef-b620-0242ac110002,7e88f90a-eeee-1111-5555-456789012378,6cb9eaba-b1c4-11ef-b620-0242ac110002,passed,2025-09-15 20:15:08,7eae20a3-d233-11f0-8ce9-0050564c5b43,,feueron
27458806-b1cd-11ef-b620-0242ac110002,7e88f90a-eeee-1111-5555-456789012378,6ca9021d-b1c4-11ef-b620-0242ac110002,passed,2025-09-15 20:15:08,7eae20a3-d233-11f0-8ce9-0050564c5b43,,feueron
2783b4d6-9303-11f0-93be-0050564c5b43,3d3cac78-13af-4a2e-84c1-dc2e6a83eeee,010e253a-0be3-11f0-9250-0050564c5b43,not-passed,2025-09-16 13:43:40,7eae20a3-d233-11f0-8ce9-0050564c5b43,,app
27da8f3c-0822-11f1-9c6b-0050564c5b43,d45ef560-4444-7777-bbbb-0123456789de,6ca6a4d8-b1c4-11ef-b620-0242ac110002,passed,2026-02-12 14:50:21,7eae20a3-d233-11f0-8ce9-0050564c5b43,2022-11-23,feueron
281d0ba1-e763-11f0-8ce9-0050564c5b43,91835ba5-7cf5-4388-8742-825db0460521,e4c9ae9c-0aff-11f0-9250-0050564c5b43,passed,2026-01-01 22:42:30,7eae20a3-d233-11f0-8ce9-0050564c5b43,2022-12-31,feueron
285cbc74-f9cd-11f0-9c6b-0050564c5b43,23due0156-dddd-2222-9999-01234567890,6ca9021d-b1c4-11ef-b620-0242ac110002,passed,2026-01-25 09:06:38,7eae20a3-d233-11f0-8ce9-0050564c5b43,,feueron
29e63390-247e-11f0-a302-0050564c5b43,e01acdb7-36a7-4c26-8009-4a72e3143ec8,6ca43f84-b1c4-11ef-b620-0242ac110002,passed,2025-09-15 20:15:08,7eae20a3-d233-11f0-8ce9-0050564c5b43,,feueron
2c15823f-9949-11f0-818f-0050564c5b43,3d3cac78-13af-4a2e-84c1-dc2e6a83eeee,6cb33f49-b1c4-11ef-b620-0242ac110002,passed,2025-09-24 13:19:59,7eae20a3-d233-11f0-8ce9-0050564c5b43,,feueron
2c638f5c-e768-11f0-8ce9-0050564c5b43,45vm2378-5555-aaaa-1111-234567890123,4d1593a6-32a2-11f0-a302-0050564c5b43,passed,2026-01-01 23:18:25,7eae20a3-d233-11f0-8ce9-0050564c5b43,2030-04-01,feueron
2c94718c-b1cd-11ef-b620-0242ac110002,8f99a01b-ffff-2222-6666-567890123489,6cad47b9-b1c4-11ef-b620-0242ac110002,passed,2025-09-15 20:15:08,7eae20a3-d233-11f0-8ce9-0050564c5b43,,feueron
2c947610-b1cd-11ef-b620-0242ac110002,8f99a01b-ffff-2222-6666-567890123489,6cac2e12-b1c4-11ef-b620-0242ac110002,passed,2025-09-15 20:15:08,7eae20a3-d233-11f0-8ce9-0050564c5b43,,feueron
2c9476df-b1cd-11ef-b620-0242ac110002,8f99a01b-ffff-2222-6666-567890123489,6cb486c8-b1c4-11ef-b620-0242ac110002,passed,2025-09-15 20:15:08,7eae20a3-d233-11f0-8ce9-0050564c5b43,,feueron
2c94777b-b1cd-11ef-b620-0242ac110002,8f99a01b-ffff-2222-6666-567890123489,6cb8662d-b1c4-11ef-b620-0242ac110002,passed,2025-09-15 20:15:08,7eae20a3-d233-11f0-8ce9-0050564c5b43,,feueron
2c947820-b1cd-11ef-b620-0242ac110002,8f99a01b-ffff-2222-6666-567890123489,6caa8267-b1c4-11ef-b620-0242ac110002,passed,2025-09-15 20:15:08,7eae20a3-d233-11f0-8ce9-0050564c5b43,,feueron
2c9488ca-b1cd-11ef-b620-0242ac110002,8f99a01b-ffff-2222-6666-567890123489,6ca7e067-b1c4-11ef-b620-0242ac110002,passed,2025-09-15 20:15:08,7eae20a3-d233-11f0-8ce9-0050564c5b43,,feueron
2c948979-b1cd-11ef-b620-0242ac110002,8f99a01b-ffff-2222-6666-567890123489,6cb33f49-b1c4-11ef-b620-0242ac110002,passed,2025-09-15 20:15:08,7eae20a3-d233-11f0-8ce9-0050564c5b43,,feueron
2c9489ef-b1cd-11ef-b620-0242ac110002,8f99a01b-ffff-2222-6666-567890123489,6ca43f84-b1c4-11ef-b620-0242ac110002,passed,2025-09-15 20:15:08,7eae20a3-d233-11f0-8ce9-0050564c5b43,,feueron
2ca28e63-f9cd-11f0-9c6b-0050564c5b43,23due0156-dddd-2222-9999-01234567890,e4c9ae9c-0aff-11f0-9250-0050564c5b43,passed,2026-01-25 09:06:45,7eae20a3-d233-11f0-8ce9-0050564c5b43,2028-10-14,feueron
2ceb379e-f9cd-11f0-9c6b-0050564c5b43,23due0156-dddd-2222-9999-01234567890,81cbff32-0b00-11f0-9250-0050564c5b43,passed,2026-01-25 09:06:46,7eae20a3-d233-11f0-8ce9-0050564c5b43,2027-01-12,feueron
2cf1ed69-27af-11f0-a302-0050564c5b43,f6607182-6666-9999-dddd-6789012345f0,6cb24b8e-b1c4-11ef-b620-0242ac110002,passed,2025-09-15 20:15:08,7eae20a3-d233-11f0-8ce9-0050564c5b43,,feueron
2cfeb28b-b1ca-11ef-b620-0242ac110002,6d77e8f9-dddd-0000-4444-345678901267,6cad47b9-b1c4-11ef-b620-0242ac110002,passed,2025-09-15 20:15:08,7eae20a3-d233-11f0-8ce9-0050564c5b43,,feueron
2cfeba40-b1ca-11ef-b620-0242ac110002,6d77e8f9-dddd-0000-4444-345678901267,6cb5eb2e-b1c4-11ef-b620-0242ac110002,passed,2025-09-15 20:15:08,7eae20a3-d233-11f0-8ce9-0050564c5b43,,feueron
2cfebb46-b1ca-11ef-b620-0242ac110002,6d77e8f9-dddd-0000-4444-345678901267,6cac2e12-b1c4-11ef-b620-0242ac110002,passed,2025-09-15 20:15:08,7eae20a3-d233-11f0-8ce9-0050564c5b43,,feueron
2cff0687-b1ca-11ef-b620-0242ac110002,6d77e8f9-dddd-0000-4444-345678901267,6ca36e9f-b1c4-11ef-b620-0242ac110002,passed,2025-09-15 20:15:08,7eae20a3-d233-11f0-8ce9-0050564c5b43,,feueron
2cff0772-b1ca-11ef-b620-0242ac110002,6d77e8f9-dddd-0000-4444-345678901267,6cb486c8-b1c4-11ef-b620-0242ac110002,passed,2025-09-15 20:15:08,7eae20a3-d233-11f0-8ce9-0050564c5b43,,feueron
2cff081b-b1ca-11ef-b620-0242ac110002,6d77e8f9-dddd-0000-4444-345678901267,6cb8662d-b1c4-11ef-b620-0242ac110002,passed,2025-09-15 20:15:08,7eae20a3-d233-11f0-8ce9-0050564c5b43,,feueron
2cff08bf-b1ca-11ef-b620-0242ac110002,6d77e8f9-dddd-0000-4444-345678901267,6caa8267-b1c4-11ef-b620-0242ac110002,passed,2025-09-15 20:15:08,7eae20a3-d233-11f0-8ce9-0050564c5b43,,feueron
2cff0955-b1ca-11ef-b620-0242ac110002,6d77e8f9-dddd-0000-4444-345678901267,6ca7e067-b1c4-11ef-b620-0242ac110002,passed,2025-09-15 20:15:08,7eae20a3-d233-11f0-8ce9-0050564c5b43,,feueron
2cff09e3-b1ca-11ef-b620-0242ac110002,6d77e8f9-dddd-0000-4444-345678901267,6cb33f49-b1c4-11ef-b620-0242ac110002,passed,2025-09-15 20:15:08,7eae20a3-d233-11f0-8ce9-0050564c5b43,,feueron
2cff0a6d-b1ca-11ef-b620-0242ac110002,6d77e8f9-dddd-0000-4444-345678901267,6ca43f84-b1c4-11ef-b620-0242ac110002,passed,2025-09-15 20:15:08,7eae20a3-d233-11f0-8ce9-0050564c5b43,,feueron
2d33ca62-f9cd-11f0-9c6b-0050564c5b43,23due0156-dddd-2222-9999-01234567890,81bb552f-0b00-11f0-9250-0050564c5b43,passed,2026-01-25 09:06:46,7eae20a3-d233-11f0-8ce9-0050564c5b43,2026-12-23,feueron
2d48a109-e893-11f0-8ce9-0050564c5b43,f67g7823-6666-bbbb-cccc-7890123456de,81b428dd-0b00-11f0-9250-0050564c5b43,passed,2026-01-03 10:58:46,7eae20a3-d233-11f0-8ce9-0050564c5b43,2026-10-23,feueron
2d8120bf-9924-11f0-818f-0050564c5b43,4bcl2378-bbbb-0000-1111-234567890123,81cbff32-0b00-11f0-9250-0050564c5b43,passed,2025-09-24 08:55:10,7eae20a3-d233-11f0-8ce9-0050564c5b43,2026-06-10,feueron
2db93909-9924-11f0-818f-0050564c5b43,4bcl2378-bbbb-0000-1111-234567890123,81b428dd-0b00-11f0-9250-0050564c5b43,passed,2025-09-24 08:55:11,7eae20a3-d233-11f0-8ce9-0050564c5b43,2026-04-11,feueron
2ddcf8ba-cabf-11f0-8ce9-0050564c5b43,901ab12c-0000-3333-7777-67890123459a,b3d855bf-0bc5-11f0-9250-0050564c5b43,passed,2025-11-26 11:58:10,7eae20a3-d233-11f0-8ce9-0050564c5b43,,feueron
2deb4356-9924-11f0-818f-0050564c5b43,4bcl2378-bbbb-0000-1111-234567890123,6cb24b8e-b1c4-11ef-b620-0242ac110002,passed,2025-09-24 08:55:11,7eae20a3-d233-11f0-8ce9-0050564c5b43,,feueron
2e030b25-e893-11f0-8ce9-0050564c5b43,f67g7823-6666-bbbb-cccc-7890123456de,81bb552f-0b00-11f0-9250-0050564c5b43,passed,2026-01-03 10:58:47,7eae20a3-d233-11f0-8ce9-0050564c5b43,2026-10-23,feueron
2f2ff7c9-949c-11f0-879b-0050564c5b43,3d3cac78-13af-4a2e-84c1-dc2e6a83eeee,6ca9021d-b1c4-11ef-b620-0242ac110002,passed,2025-09-18 14:31:37,7eae20a3-d233-11f0-8ce9-0050564c5b43,,feueron
2f454b93-f9cf-11f0-9c6b-0050564c5b43,5c66d7e8-cccc-ffff-3333-234567890156,6ca6a4d8-b1c4-11ef-b620-0242ac110002,passed,2026-01-25 09:21:09,7eae20a3-d233-11f0-8ce9-0050564c5b43,2024-05-23,feueron
2f4c6b10-9923-11f0-818f-0050564c5b43,ca3a6c54-fb42-4be7-a39e-906b274c91ad,81cbff32-0b00-11f0-9250-0050564c5b43,passed,2025-09-24 08:48:04,7eae20a3-d233-11f0-8ce9-0050564c5b43,2025-12-10,feueron
2f80fac2-9923-11f0-818f-0050564c5b43,ca3a6c54-fb42-4be7-a39e-906b274c91ad,81b428dd-0b00-11f0-9250-0050564c5b43,passed,2025-09-24 08:48:04,7eae20a3-d233-11f0-8ce9-0050564c5b43,2024-11-17,feueron
2fcdbae8-e890-11f0-8ce9-0050564c5b43,d4e03bf9-070f-4993-ac8e-86a806b03dfc,e4c9ae9c-0aff-11f0-9250-0050564c5b43,passed,2026-01-03 10:37:22,7eae20a3-d233-11f0-8ce9-0050564c5b43,2028-11-01,feueron
303327d2-e890-11f0-8ce9-0050564c5b43,d4e03bf9-070f-4993-ac8e-86a806b03dfc,81cbff32-0b00-11f0-9250-0050564c5b43,passed,2026-01-03 10:37:22,7eae20a3-d233-11f0-8ce9-0050564c5b43,2026-11-17,feueron
30703264-0823-11f1-9c6b-0050564c5b43,2fc8a447-1a2e-408f-99da-b9cf17af7458,81cbff32-0b00-11f0-9250-0050564c5b43,passed,2026-02-12 14:57:45,7eae20a3-d233-11f0-8ce9-0050564c5b43,2026-07-28,feueron
307bf82b-e890-11f0-8ce9-0050564c5b43,d4e03bf9-070f-4993-ac8e-86a806b03dfc,81bb552f-0b00-11f0-9250-0050564c5b43,passed,2026-01-03 10:37:23,7eae20a3-d233-11f0-8ce9-0050564c5b43,2026-04-27,feueron
3081e52c-0823-11f1-9c6b-0050564c5b43,2fc8a447-1a2e-408f-99da-b9cf17af7458,81bb552f-0b00-11f0-9250-0050564c5b43,passed,2026-02-12 14:57:45,7eae20a3-d233-11f0-8ce9-0050564c5b43,2026-12-21,feueron
30da4766-de94-11f0-8ce9-0050564c5b43,052d4e18-26b4-4c0c-9290-416e9e7bb6d5,81c11937-0b00-11f0-9250-0050564c5b43,passed,2025-12-21 17:40:50,7eae20a3-d233-11f0-8ce9-0050564c5b43,2026-04-10,app
30ddcbb4-4308-11f1-9c6b-0050564c5b43,3594e183-54aa-4278-b3c6-07a24bdc2697,896a89a8-98d9-11f0-818f-0050564c5b43,passed,2026-04-28 13:43:08,7eae20a3-d233-11f0-8ce9-0050564c5b43,,feueron
315952f8-e893-11f0-8ce9-0050564c5b43,078h8934-7777-cccc-dddd-8901234567ef,81bb552f-0b00-11f0-9250-0050564c5b43,passed,2026-01-03 10:58:53,7eae20a3-d233-11f0-8ce9-0050564c5b43,2026-12-24,feueron
3218233f-cabf-11f0-8ce9-0050564c5b43,b23cd34e-2222-5555-9999-8901234567bc,b3d855bf-0bc5-11f0-9250-0050564c5b43,passed,2025-11-26 11:58:17,7eae20a3-d233-11f0-8ce9-0050564c5b43,,feueron
3226d3cc-9924-11f0-818f-0050564c5b43,444e9a02-745a-4723-90f2-722e399ef59f,81cbff32-0b00-11f0-9250-0050564c5b43,passed,2025-09-24 08:55:18,7eae20a3-d233-11f0-8ce9-0050564c5b43,2026-09-10,feueron
324e6268-9924-11f0-818f-0050564c5b43,444e9a02-745a-4723-90f2-722e399ef59f,e4c9ae9c-0aff-11f0-9250-0050564c5b43,passed,2025-09-24 08:55:18,7eae20a3-d233-11f0-8ce9-0050564c5b43,2028-08-03,feueron
32787c2d-9924-11f0-818f-0050564c5b43,444e9a02-745a-4723-90f2-722e399ef59f,81bb552f-0b00-11f0-9250-0050564c5b43,passed,2025-09-24 08:55:19,7eae20a3-d233-11f0-8ce9-0050564c5b43,2026-09-10,feueron
329b91e6-b1cd-11ef-b620-0242ac110002,901ab12c-0000-3333-7777-67890123459a,6ca6a4d8-b1c4-11ef-b620-0242ac110002,passed,2025-09-15 20:15:08,7eae20a3-d233-11f0-8ce9-0050564c5b43,,feueron
329b9639-b1cd-11ef-b620-0242ac110002,901ab12c-0000-3333-7777-67890123459a,6caa8267-b1c4-11ef-b620-0242ac110002,passed,2025-09-15 20:15:08,7eae20a3-d233-11f0-8ce9-0050564c5b43,,feueron
32a81ed5-9924-11f0-818f-0050564c5b43,444e9a02-745a-4723-90f2-722e399ef59f,81b428dd-0b00-11f0-9250-0050564c5b43,passed,2025-09-24 08:55:19,7eae20a3-d233-11f0-8ce9-0050564c5b43,2026-09-10,feueron
32c37d6f-2c40-11f1-9c6b-0050564c5b43,ae9b72da-bcd3-40f7-ac31-19f8b168c0b5,e4c9ae9c-0aff-11f0-9250-0050564c5b43,passed,2026-03-30 13:56:05,7eae20a3-d233-11f0-8ce9-0050564c5b43,2029-01-27,feueron
32da3262-9924-11f0-818f-0050564c5b43,444e9a02-745a-4723-90f2-722e399ef59f,6cb0cd30-b1c4-11ef-b620-0242ac110002,passed,2025-09-24 08:55:19,7eae20a3-d233-11f0-8ce9-0050564c5b43,,feueron
33155118-9924-11f0-818f-0050564c5b43,444e9a02-745a-4723-90f2-722e399ef59f,6ca6a4d8-b1c4-11ef-b620-0242ac110002,passed,2025-09-24 08:55:20,7eae20a3-d233-11f0-8ce9-0050564c5b43,,feueron
3324b097-010a-11f1-9c6b-0050564c5b43,e5481491-1445-4af8-bf56-c7aeeff3cde0,81b428dd-0b00-11f0-9250-0050564c5b43,passed,2026-02-03 14:11:14,7eae20a3-d233-11f0-8ce9-0050564c5b43,2026-10-26,feueron
33542769-9924-11f0-818f-0050564c5b43,444e9a02-745a-4723-90f2-722e399ef59f,896a89a8-98d9-11f0-818f-0050564c5b43,passed,2025-09-24 08:55:20,7eae20a3-d233-11f0-8ce9-0050564c5b43,,feueron
33717724-010a-11f1-9c6b-0050564c5b43,e5481491-1445-4af8-bf56-c7aeeff3cde0,81cbff32-0b00-11f0-9250-0050564c5b43,passed,2026-02-03 14:11:14,7eae20a3-d233-11f0-8ce9-0050564c5b43,2026-11-17,feueron
339c256d-a375-11f0-818f-0050564c5b43,3d3cac78-13af-4a2e-84c1-dc2e6a83eeee,010e253a-0be3-11f0-9250-0050564c5b43,passed,2025-10-07 12:00:22,7eae20a3-d233-11f0-8ce9-0050564c5b43,2025-10-01,app
33bdc060-010a-11f1-9c6b-0050564c5b43,e5481491-1445-4af8-bf56-c7aeeff3cde0,81bb552f-0b00-11f0-9250-0050564c5b43,passed,2026-02-03 14:11:15,7eae20a3-d233-11f0-8ce9-0050564c5b43,2026-12-19,feueron
3410c80b-b1c9-11ef-b620-0242ac110002,e01acdb7-36a7-4c26-8009-4a72e3143ec8,6cb5eb2e-b1c4-11ef-b620-0242ac110002,passed,2025-09-15 20:15:08,7eae20a3-d233-11f0-8ce9-0050564c5b43,,feueron
3410cfc8-b1c9-11ef-b620-0242ac110002,e01acdb7-36a7-4c26-8009-4a72e3143ec8,6cb9eaba-b1c4-11ef-b620-0242ac110002,passed,2025-09-15 20:15:08,7eae20a3-d233-11f0-8ce9-0050564c5b43,,feueron
3410d08f-b1c9-11ef-b620-0242ac110002,e01acdb7-36a7-4c26-8009-4a72e3143ec8,6ca9021d-b1c4-11ef-b620-0242ac110002,passed,2025-09-15 20:15:08,7eae20a3-d233-11f0-8ce9-0050564c5b43,,feueron
3410d145-b1c9-11ef-b620-0242ac110002,e01acdb7-36a7-4c26-8009-4a72e3143ec8,6cb8662d-b1c4-11ef-b620-0242ac110002,passed,2025-09-15 20:15:08,7eae20a3-d233-11f0-8ce9-0050564c5b43,,feueron
3410d256-b1c9-11ef-b620-0242ac110002,e01acdb7-36a7-4c26-8009-4a72e3143ec8,6caa8267-b1c4-11ef-b620-0242ac110002,passed,2025-09-15 20:15:08,7eae20a3-d233-11f0-8ce9-0050564c5b43,,feueron
3410d2e7-b1c9-11ef-b620-0242ac110002,e01acdb7-36a7-4c26-8009-4a72e3143ec8,6ca7e067-b1c4-11ef-b620-0242ac110002,passed,2025-09-15 20:15:08,7eae20a3-d233-11f0-8ce9-0050564c5b43,,feueron
3410d461-b1c9-11ef-b620-0242ac110002,e01acdb7-36a7-4c26-8009-4a72e3143ec8,6cb33f49-b1c4-11ef-b620-0242ac110002,passed,2025-09-15 20:15:08,7eae20a3-d233-11f0-8ce9-0050564c5b43,,feueron
341a2ee7-247e-11f0-a302-0050564c5b43,2933a4b5-9999-cccc-0000-901234567823,6cb5eb2e-b1c4-11ef-b620-0242ac110002,passed,2025-09-15 20:15:08,7eae20a3-d233-11f0-8ce9-0050564c5b43,,feueron
35f7fcf1-010d-11f1-9c6b-0050564c5b43,f67g7823-6666-bbbb-cccc-7890123456de,81b428dd-0b00-11f0-9250-0050564c5b43,passed,2026-02-03 14:32:47,7eae20a3-d233-11f0-8ce9-0050564c5b43,2026-10-23,feueron
361299c9-e893-11f0-8ce9-0050564c5b43,189i9045-8888-dddd-eeee-9012345678f0,6ca6a4d8-b1c4-11ef-b620-0242ac110002,passed,2026-01-03 10:59:01,7eae20a3-d233-11f0-8ce9-0050564c5b43,2024-06-16,feueron
36401fd1-010d-11f1-9c6b-0050564c5b43,f67g7823-6666-bbbb-cccc-7890123456de,81bb552f-0b00-11f0-9250-0050564c5b43,passed,2026-02-03 14:32:48,7eae20a3-d233-11f0-8ce9-0050564c5b43,2026-10-23,feueron
364ab235-27af-11f0-a302-0050564c5b43,07118293-7777-aaaa-eeee-789012345601,b3d855bf-0bc5-11f0-9250-0050564c5b43,passed,2025-09-15 20:15:08,7eae20a3-d233-11f0-8ce9-0050564c5b43,,feueron
365fad1a-e893-11f0-8ce9-0050564c5b43,189i9045-8888-dddd-eeee-9012345678f0,81bb552f-0b00-11f0-9250-0050564c5b43,passed,2026-01-03 10:59:01,7eae20a3-d233-11f0-8ce9-0050564c5b43,2026-12-23,feueron
366be7d8-f9ce-11f0-9c6b-0050564c5b43,63a16d7d-db4f-4e2c-977d-3c384b92b6fa,81bb552f-0b00-11f0-9250-0050564c5b43,passed,2026-01-25 09:14:11,7eae20a3-d233-11f0-8ce9-0050564c5b43,2026-04-27,feueron
36e5dc76-a375-11f0-818f-0050564c5b43,3d3cac78-13af-4a2e-84c1-dc2e6a83eeee,010e253a-0be3-11f0-9250-0050564c5b43,passed,2025-10-07 12:00:27,7eae20a3-d233-11f0-8ce9-0050564c5b43,2025-10-23,app
372271b3-2c40-11f1-9c6b-0050564c5b43,3d3cac78-13af-4a2e-84c1-dc2e6a83eeee,81b428dd-0b00-11f0-9250-0050564c5b43,passed,2026-03-30 13:56:12,7eae20a3-d233-11f0-8ce9-0050564c5b43,2027-02-02,feueron
37df61fc-9416-11f0-93be-0050564c5b43,3d3cac78-13af-4a2e-84c1-dc2e6a83eeee,6ca7e067-b1c4-11ef-b620-0242ac110002,passed,2025-09-17 22:32:39,7eae20a3-d233-11f0-8ce9-0050564c5b43,,feueron
395bcc14-b1c9-11ef-b620-0242ac110002,052d4e18-26b4-4c0c-9290-416e9e7bb6d5,6cb5eb2e-b1c4-11ef-b620-0242ac110002,passed,2025-09-15 20:15:08,7eae20a3-d233-11f0-8ce9-0050564c5b43,,feueron
395bd08e-b1c9-11ef-b620-0242ac110002,052d4e18-26b4-4c0c-9290-416e9e7bb6d5,6cb9eaba-b1c4-11ef-b620-0242ac110002,passed,2025-09-15 20:15:08,7eae20a3-d233-11f0-8ce9-0050564c5b43,,feueron
395bd12c-b1c9-11ef-b620-0242ac110002,052d4e18-26b4-4c0c-9290-416e9e7bb6d5,6ca36e9f-b1c4-11ef-b620-0242ac110002,passed,2025-09-15 20:15:08,7eae20a3-d233-11f0-8ce9-0050564c5b43,,feueron
395bd20a-b1c9-11ef-b620-0242ac110002,052d4e18-26b4-4c0c-9290-416e9e7bb6d5,6ca9021d-b1c4-11ef-b620-0242ac110002,passed,2025-09-15 20:15:08,7eae20a3-d233-11f0-8ce9-0050564c5b43,,feueron
395bd290-b1c9-11ef-b620-0242ac110002,052d4e18-26b4-4c0c-9290-416e9e7bb6d5,6caa8267-b1c4-11ef-b620-0242ac110002,passed,2025-09-15 20:15:08,7eae20a3-d233-11f0-8ce9-0050564c5b43,,feueron
395bd30f-b1c9-11ef-b620-0242ac110002,052d4e18-26b4-4c0c-9290-416e9e7bb6d5,6ca7e067-b1c4-11ef-b620-0242ac110002,passed,2025-09-15 20:15:08,7eae20a3-d233-11f0-8ce9-0050564c5b43,,feueron
395bd3f8-b1c9-11ef-b620-0242ac110002,052d4e18-26b4-4c0c-9290-416e9e7bb6d5,6cb33f49-b1c4-11ef-b620-0242ac110002,passed,2025-09-15 20:15:08,7eae20a3-d233-11f0-8ce9-0050564c5b43,,feueron
3af3d9da-f9cd-11f0-9c6b-0050564c5b43,e5481491-1445-4af8-bf56-c7aeeff3cde0,81b428dd-0b00-11f0-9250-0050564c5b43,passed,2026-01-25 09:07:09,7eae20a3-d233-11f0-8ce9-0050564c5b43,2026-10-26,feueron
3b2093c1-9923-11f0-818f-0050564c5b43,ae9b72da-bcd3-40f7-ac31-19f8b168c0b5,6caa8267-b1c4-11ef-b620-0242ac110002,passed,2025-09-24 08:48:24,7eae20a3-d233-11f0-8ce9-0050564c5b43,,feueron
3b3c7104-f9cd-11f0-9c6b-0050564c5b43,e5481491-1445-4af8-bf56-c7aeeff3cde0,81cbff32-0b00-11f0-9250-0050564c5b43,passed,2026-01-25 09:07:10,7eae20a3-d233-11f0-8ce9-0050564c5b43,2026-11-17,feueron
3b50e39c-9923-11f0-818f-0050564c5b43,ae9b72da-bcd3-40f7-ac31-19f8b168c0b5,6cb0cd30-b1c4-11ef-b620-0242ac110002,passed,2025-09-24 08:48:24,7eae20a3-d233-11f0-8ce9-0050564c5b43,,feueron
3b8500f1-f9cd-11f0-9c6b-0050564c5b43,e5481491-1445-4af8-bf56-c7aeeff3cde0,81bb552f-0b00-11f0-9250-0050564c5b43,passed,2026-01-25 09:07:10,7eae20a3-d233-11f0-8ce9-0050564c5b43,2026-12-19,feueron
3c8248e3-cab7-11f0-8ce9-0050564c5b43,f581adcb-09a5-4ed9-82f5-b3f8551cae3b,6cb9eaba-b1c4-11ef-b620-0242ac110002,passed,2025-11-26 11:01:18,7eae20a3-d233-11f0-8ce9-0050564c5b43,,feueron
3cbfb3f8-b1cd-11ef-b620-0242ac110002,a12bc23d-1111-4444-8888-7890123456ab,6cb5eb2e-b1c4-11ef-b620-0242ac110002,passed,2025-09-15 20:15:08,7eae20a3-d233-11f0-8ce9-0050564c5b43,,feueron
3cbfb6ec-b1cd-11ef-b620-0242ac110002,a12bc23d-1111-4444-8888-7890123456ab,6cb9eaba-b1c4-11ef-b620-0242ac110002,passed,2025-09-15 20:15:08,7eae20a3-d233-11f0-8ce9-0050564c5b43,,feueron
3cbfb768-b1cd-11ef-b620-0242ac110002,a12bc23d-1111-4444-8888-7890123456ab,6cac2e12-b1c4-11ef-b620-0242ac110002,passed,2025-09-15 20:15:08,7eae20a3-d233-11f0-8ce9-0050564c5b43,,feueron
3cbfb7d8-b1cd-11ef-b620-0242ac110002,a12bc23d-1111-4444-8888-7890123456ab,6ca9021d-b1c4-11ef-b620-0242ac110002,passed,2025-09-15 20:15:08,7eae20a3-d233-11f0-8ce9-0050564c5b43,,feueron
3cbfb829-b1cd-11ef-b620-0242ac110002,a12bc23d-1111-4444-8888-7890123456ab,6cb8662d-b1c4-11ef-b620-0242ac110002,passed,2025-09-15 20:15:08,7eae20a3-d233-11f0-8ce9-0050564c5b43,,feueron
3cbfb880-b1cd-11ef-b620-0242ac110002,a12bc23d-1111-4444-8888-7890123456ab,6caa8267-b1c4-11ef-b620-0242ac110002,passed,2025-09-15 20:15:08,7eae20a3-d233-11f0-8ce9-0050564c5b43,,feueron
3cbfb8d0-b1cd-11ef-b620-0242ac110002,a12bc23d-1111-4444-8888-7890123456ab,6ca7e067-b1c4-11ef-b620-0242ac110002,passed,2025-09-15 20:15:08,7eae20a3-d233-11f0-8ce9-0050564c5b43,,feueron
3cbfb913-b1cd-11ef-b620-0242ac110002,a12bc23d-1111-4444-8888-7890123456ab,6cb33f49-b1c4-11ef-b620-0242ac110002,passed,2025-09-15 20:15:08,7eae20a3-d233-11f0-8ce9-0050564c5b43,,feueron
3cbfb95f-b1cd-11ef-b620-0242ac110002,a12bc23d-1111-4444-8888-7890123456ab,6ca43f84-b1c4-11ef-b620-0242ac110002,passed,2025-09-15 20:15:08,7eae20a3-d233-11f0-8ce9-0050564c5b43,,feueron
3d3ac5c1-992c-11f0-818f-0050564c5b43,c65b3343-e4f0-43e1-8575-1c38e5549386,6cb24b8e-b1c4-11ef-b620-0242ac110002,passed,2025-09-24 09:52:53,7eae20a3-d233-11f0-8ce9-0050564c5b43,2029-04-07,feueron
3e8732ff-0820-11f1-9c6b-0050564c5b43,23due0156-dddd-2222-9999-01234567890,e4c9ae9c-0aff-11f0-9250-0050564c5b43,passed,2026-02-12 14:36:40,7eae20a3-d233-11f0-8ce9-0050564c5b43,2028-10-15,feueron
3e9fed09-0820-11f1-9c6b-0050564c5b43,23due0156-dddd-2222-9999-01234567890,81cbff32-0b00-11f0-9250-0050564c5b43,passed,2026-02-12 14:36:40,7eae20a3-d233-11f0-8ce9-0050564c5b43,2027-01-13,feueron
3eaefa66-b1c9-11ef-b620-0242ac110002,b69e29c0-aa98-46b9-9c61-9556cefc17d3,6cb5eb2e-b1c4-11ef-b620-0242ac110002,passed,2025-09-15 20:15:08,7eae20a3-d233-11f0-8ce9-0050564c5b43,,feueron
3eaf00b0-b1c9-11ef-b620-0242ac110002,b69e29c0-aa98-46b9-9c61-9556cefc17d3,6caa8267-b1c4-11ef-b620-0242ac110002,passed,2025-09-15 20:15:08,7eae20a3-d233-11f0-8ce9-0050564c5b43,,feueron
3eaf0153-b1c9-11ef-b620-0242ac110002,b69e29c0-aa98-46b9-9c61-9556cefc17d3,6ca7e067-b1c4-11ef-b620-0242ac110002,passed,2025-09-15 20:15:08,7eae20a3-d233-11f0-8ce9-0050564c5b43,,feueron
3eaf0240-b1c9-11ef-b620-0242ac110002,b69e29c0-aa98-46b9-9c61-9556cefc17d3,6cb33f49-b1c4-11ef-b620-0242ac110002,passed,2025-09-15 20:15:08,7eae20a3-d233-11f0-8ce9-0050564c5b43,,feueron
3eb74be9-0820-11f1-9c6b-0050564c5b43,23due0156-dddd-2222-9999-01234567890,81bb552f-0b00-11f0-9250-0050564c5b43,passed,2026-02-12 14:36:40,7eae20a3-d233-11f0-8ce9-0050564c5b43,2026-12-24,feueron
3f10b30a-9923-11f0-818f-0050564c5b43,3d3cac78-13af-4a2e-84c1-dc2e6a83eeee,81cbff32-0b00-11f0-9250-0050564c5b43,passed,2025-09-24 08:48:30,7eae20a3-d233-11f0-8ce9-0050564c5b43,2025-10-01,feueron
3f61b660-0823-11f1-9c6b-0050564c5b43,67xo4590-7777-cccc-3333-456789012345,81bb552f-0b00-11f0-9250-0050564c5b43,passed,2026-02-12 14:58:10,7eae20a3-d233-11f0-8ce9-0050564c5b43,2026-12-20,feueron
3f6d3ee8-9924-11f0-818f-0050564c5b43,8fpg6712-ffff-4444-5555-678901234567,81cbff32-0b00-11f0-9250-0050564c5b43,passed,2025-09-24 08:55:41,7eae20a3-d233-11f0-8ce9-0050564c5b43,2025-05-21,feueron
3f8b0e66-eb3b-11f0-9c6b-0050564c5b43,2933a4b5-9999-cccc-0000-901234567823,81b428dd-0b00-11f0-9250-0050564c5b43,passed,2026-01-06 20:06:54,7eae20a3-d233-11f0-8ce9-0050564c5b43,2026-11-30,feueron
3fcfed14-de94-11f0-8ce9-0050564c5b43,052d4e18-26b4-4c0c-9290-416e9e7bb6d5,81c11937-0b00-11f0-9250-0050564c5b43,passed,2025-12-21 17:41:15,7eae20a3-d233-11f0-8ce9-0050564c5b43,2026-06-26,app
3fd50245-3659-11f1-9c6b-0050564c5b43,052d4e18-26b4-4c0c-9290-416e9e7bb6d5,81b428dd-0b00-11f0-9250-0050564c5b43,passed,2026-04-12 10:20:37,7eae20a3-d233-11f0-8ce9-0050564c5b43,2027-03-08,feueron
3ff81147-eb3b-11f0-9c6b-0050564c5b43,2933a4b5-9999-cccc-0000-901234567823,81bb552f-0b00-11f0-9250-0050564c5b43,passed,2026-01-06 20:06:55,7eae20a3-d233-11f0-8ce9-0050564c5b43,2026-12-21,feueron
41396cc8-2c40-11f1-9c6b-0050564c5b43,a11b2c3d-1111-4444-8888-1234567890ab,e4c9ae9c-0aff-11f0-9250-0050564c5b43,passed,2026-03-30 13:56:29,7eae20a3-d233-11f0-8ce9-0050564c5b43,2022-12-31,feueron
4191f7f4-4f6c-11f1-9c6b-0050564c5b43,90arb7823-aaaa-ffff-6666-78901234567,6cb9eaba-b1c4-11ef-b620-0242ac110002,passed,2026-05-14 08:09:39,7eae20a3-d233-11f0-8ce9-0050564c5b43,2026-06-25,app
41ade48a-b1cd-11ef-b620-0242ac110002,b23cd34e-2222-5555-9999-8901234567bc,6ca7e067-b1c4-11ef-b620-0242ac110002,passed,2025-09-15 20:15:08,7eae20a3-d233-11f0-8ce9-0050564c5b43,,feueron
41ade94d-b1cd-11ef-b620-0242ac110002,b23cd34e-2222-5555-9999-8901234567bc,6cb8662d-b1c4-11ef-b620-0242ac110002,passed,2025-09-15 20:15:08,7eae20a3-d233-11f0-8ce9-0050564c5b43,,feueron
41adeb90-b1cd-11ef-b620-0242ac110002,b23cd34e-2222-5555-9999-8901234567bc,6caa8267-b1c4-11ef-b620-0242ac110002,passed,2025-09-15 20:15:08,7eae20a3-d233-11f0-8ce9-0050564c5b43,,feueron
41adfba5-b1cd-11ef-b620-0242ac110002,b23cd34e-2222-5555-9999-8901234567bc,6cb5eb2e-b1c4-11ef-b620-0242ac110002,passed,2025-09-15 20:15:08,7eae20a3-d233-11f0-8ce9-0050564c5b43,,feueron
41ae0e13-b1cd-11ef-b620-0242ac110002,b23cd34e-2222-5555-9999-8901234567bc,6cb33f49-b1c4-11ef-b620-0242ac110002,passed,2025-09-15 20:15:08,7eae20a3-d233-11f0-8ce9-0050564c5b43,,feueron
41ae0f1b-b1cd-11ef-b620-0242ac110002,b23cd34e-2222-5555-9999-8901234567bc,6cb9eaba-b1c4-11ef-b620-0242ac110002,passed,2025-09-15 20:15:08,7eae20a3-d233-11f0-8ce9-0050564c5b43,,feueron
41ae0fe3-b1cd-11ef-b620-0242ac110002,b23cd34e-2222-5555-9999-8901234567bc,6ca9021d-b1c4-11ef-b620-0242ac110002,passed,2025-09-15 20:15:08,7eae20a3-d233-11f0-8ce9-0050564c5b43,,feueron
41d5161a-4f6c-11f1-9c6b-0050564c5b43,90arb7823-aaaa-ffff-6666-78901234567,6ca7e067-b1c4-11ef-b620-0242ac110002,passed,2026-05-14 08:09:40,7eae20a3-d233-11f0-8ce9-0050564c5b43,2026-06-25,app
42049b95-4f6c-11f1-9c6b-0050564c5b43,90arb7823-aaaa-ffff-6666-78901234567,e4c9ae9c-0aff-11f0-9250-0050564c5b43,passed,2026-05-14 08:09:40,7eae20a3-d233-11f0-8ce9-0050564c5b43,2026-06-25,app
4234a508-4f6c-11f1-9c6b-0050564c5b43,90arb7823-aaaa-ffff-6666-78901234567,6cb5eb2e-b1c4-11ef-b620-0242ac110002,passed,2026-05-14 08:09:41,7eae20a3-d233-11f0-8ce9-0050564c5b43,2026-06-25,app
424bcdb9-e763-11f0-8ce9-0050564c5b43,a83b215d-0e8c-451e-a124-7d596445f36a,e4c9ae9c-0aff-11f0-9250-0050564c5b43,passed,2026-01-01 22:43:14,7eae20a3-d233-11f0-8ce9-0050564c5b43,2022-12-31,feueron
426463ea-4f6c-11f1-9c6b-0050564c5b43,90arb7823-aaaa-ffff-6666-78901234567,b3d855bf-0bc5-11f0-9250-0050564c5b43,passed,2026-05-14 08:09:41,7eae20a3-d233-11f0-8ce9-0050564c5b43,2026-06-25,app
42950c4d-4f6c-11f1-9c6b-0050564c5b43,90arb7823-aaaa-ffff-6666-78901234567,6cb24b8e-b1c4-11ef-b620-0242ac110002,passed,2026-05-14 08:09:41,7eae20a3-d233-11f0-8ce9-0050564c5b43,2026-06-25,app
42b8914a-247e-11f0-a302-0050564c5b43,4af598ee-8160-4107-b568-68ff7f84f990,6ca6a4d8-b1c4-11ef-b620-0242ac110002,passed,2025-09-15 20:15:08,7eae20a3-d233-11f0-8ce9-0050564c5b43,,feueron
42cc8dff-0b07-11f0-9250-0050564c5b43,b69e29c0-aa98-46b9-9c61-9556cefc17d3,81bb552f-0b00-11f0-9250-0050564c5b43,passed,2025-09-15 20:15:08,7eae20a3-d233-11f0-8ce9-0050564c5b43,2024-11-06,app
42ccb58e-0b07-11f0-9250-0050564c5b43,b69e29c0-aa98-46b9-9c61-9556cefc17d3,81c11937-0b00-11f0-9250-0050564c5b43,passed,2025-09-15 20:15:08,7eae20a3-d233-11f0-8ce9-0050564c5b43,2024-09-18,app
42ccc012-0b07-11f0-9250-0050564c5b43,b69e29c0-aa98-46b9-9c61-9556cefc17d3,e4c9ae9c-0aff-11f0-9250-0050564c5b43,passed,2025-09-15 20:15:08,7eae20a3-d233-11f0-8ce9-0050564c5b43,2025-05-18,app
42ccc564-0b07-11f0-9250-0050564c5b43,b69e29c0-aa98-46b9-9c61-9556cefc17d3,81b428dd-0b00-11f0-9250-0050564c5b43,passed,2025-09-15 20:15:08,7eae20a3-d233-11f0-8ce9-0050564c5b43,2024-06-15,app
434bb529-b1c9-11ef-b620-0242ac110002,3594e183-54aa-4278-b3c6-07a24bdc2697,6cb5eb2e-b1c4-11ef-b620-0242ac110002,passed,2025-09-15 20:15:08,7eae20a3-d233-11f0-8ce9-0050564c5b43,,feueron
434bbb13-b1c9-11ef-b620-0242ac110002,3594e183-54aa-4278-b3c6-07a24bdc2697,6cac2e12-b1c4-11ef-b620-0242ac110002,passed,2025-09-15 20:15:08,7eae20a3-d233-11f0-8ce9-0050564c5b43,,feueron
434bbbd1-b1c9-11ef-b620-0242ac110002,3594e183-54aa-4278-b3c6-07a24bdc2697,6cb8662d-b1c4-11ef-b620-0242ac110002,passed,2025-09-15 20:15:08,7eae20a3-d233-11f0-8ce9-0050564c5b43,,feueron
434bbc57-b1c9-11ef-b620-0242ac110002,3594e183-54aa-4278-b3c6-07a24bdc2697,6caa8267-b1c4-11ef-b620-0242ac110002,passed,2025-09-15 20:15:08,7eae20a3-d233-11f0-8ce9-0050564c5b43,,feueron
434bbcd0-b1c9-11ef-b620-0242ac110002,3594e183-54aa-4278-b3c6-07a24bdc2697,6ca7e067-b1c4-11ef-b620-0242ac110002,passed,2025-09-15 20:15:08,7eae20a3-d233-11f0-8ce9-0050564c5b43,,feueron
434bbd4c-b1c9-11ef-b620-0242ac110002,3594e183-54aa-4278-b3c6-07a24bdc2697,6cb33f49-b1c4-11ef-b620-0242ac110002,passed,2025-09-15 20:15:08,7eae20a3-d233-11f0-8ce9-0050564c5b43,,feueron
434bbdbe-b1c9-11ef-b620-0242ac110002,3594e183-54aa-4278-b3c6-07a24bdc2697,6ca43f84-b1c4-11ef-b620-0242ac110002,passed,2025-09-15 20:15:08,7eae20a3-d233-11f0-8ce9-0050564c5b43,,feueron
434d085b-9924-11f0-818f-0050564c5b43,90qh7823-0000-5555-6666-789012345678,81cbff32-0b00-11f0-9250-0050564c5b43,passed,2025-09-24 08:55:47,7eae20a3-d233-11f0-8ce9-0050564c5b43,2026-06-10,feueron
436635a7-010b-11f1-9c6b-0050564c5b43,b22c3d4e-2222-5555-9999-2345678901bc,81bb552f-0b00-11f0-9250-0050564c5b43,passed,2026-02-03 14:18:51,7eae20a3-d233-11f0-8ce9-0050564c5b43,2026-12-21,feueron
438345f7-9924-11f0-818f-0050564c5b43,90qh7823-0000-5555-6666-789012345678,81b428dd-0b00-11f0-9250-0050564c5b43,passed,2025-09-24 08:55:47,7eae20a3-d233-11f0-8ce9-0050564c5b43,2025-12-31,feueron
43a617fd-9924-11f0-818f-0050564c5b43,90qh7823-0000-5555-6666-789012345678,81b428dd-0b00-11f0-9250-0050564c5b43,passed,2025-09-24 08:55:48,7eae20a3-d233-11f0-8ce9-0050564c5b43,2026-06-09,feueron
43fd0819-010d-11f1-9c6b-0050564c5b43,078h8934-7777-cccc-dddd-8901234567ef,81bb552f-0b00-11f0-9250-0050564c5b43,passed,2026-02-03 14:33:11,7eae20a3-d233-11f0-8ce9-0050564c5b43,2026-12-24,feueron
440dedc6-9924-11f0-818f-0050564c5b43,90qh7823-0000-5555-6666-789012345678,6cb24b8e-b1c4-11ef-b620-0242ac110002,passed,2025-09-24 08:55:48,7eae20a3-d233-11f0-8ce9-0050564c5b43,2027-06-23,feueron
443fdd96-9924-11f0-818f-0050564c5b43,90qh7823-0000-5555-6666-789012345678,896a89a8-98d9-11f0-818f-0050564c5b43,passed,2025-09-24 08:55:49,7eae20a3-d233-11f0-8ce9-0050564c5b43,,feueron
449faee9-2c40-11f1-9c6b-0050564c5b43,b22c3d4e-2222-5555-9999-2345678901bc,81cbff32-0b00-11f0-9250-0050564c5b43,passed,2026-03-30 13:56:35,7eae20a3-d233-11f0-8ce9-0050564c5b43,2027-02-24,feueron
453219de-bda3-11f0-be7f-0050564c5b43,34ul1267-4444-9999-0000-123456789012,6cb24b8e-b1c4-11ef-b620-0242ac110002,passed,2025-11-09 19:35:38,7eae20a3-d233-11f0-8ce9-0050564c5b43,,app
46a9f344-9923-11f0-818f-0050564c5b43,73d3950b-3c82-4f5c-bafc-8e41efcd1166,81cbff32-0b00-11f0-9250-0050564c5b43,passed,2025-09-24 08:48:43,7eae20a3-d233-11f0-8ce9-0050564c5b43,2024-05-02,feueron
4702854a-0b07-11f0-9250-0050564c5b43,1f36d1aa-a322-49c3-89ea-98ae61c5e6c1,81bb552f-0b00-11f0-9250-0050564c5b43,passed,2025-09-15 20:15:08,7eae20a3-d233-11f0-8ce9-0050564c5b43,2025-05-06,app
4705aac0-0b07-11f0-9250-0050564c5b43,1f36d1aa-a322-49c3-89ea-98ae61c5e6c1,e4c9ae9c-0aff-11f0-9250-0050564c5b43,passed,2025-09-15 20:15:08,7eae20a3-d233-11f0-8ce9-0050564c5b43,2027-07-21,app
4714bd70-0823-11f1-9c6b-0050564c5b43,78yp5601-8888-dddd-4444-567890123456,81bb552f-0b00-11f0-9250-0050564c5b43,passed,2026-02-12 14:58:23,7eae20a3-d233-11f0-8ce9-0050564c5b43,2026-12-20,feueron
472a2b8d-9923-11f0-818f-0050564c5b43,73d3950b-3c82-4f5c-bafc-8e41efcd1166,aaaf8d2f-98d9-11f0-818f-0050564c5b43,passed,2025-09-24 08:48:44,7eae20a3-d233-11f0-8ce9-0050564c5b43,,feueron
47851334-9460-11f0-879b-0050564c5b43,3d3cac78-13af-4a2e-84c1-dc2e6a83eeee,6ca7e067-b1c4-11ef-b620-0242ac110002,passed,2025-09-18 07:22:48,7eae20a3-d233-11f0-8ce9-0050564c5b43,2025-09-08,app
482a24fe-9924-11f0-818f-0050564c5b43,01ri8934-1111-6666-7777-890123456789,81cbff32-0b00-11f0-9250-0050564c5b43,passed,2025-09-24 08:55:55,7eae20a3-d233-11f0-8ce9-0050564c5b43,2025-12-03,feueron
485e04ee-9924-11f0-818f-0050564c5b43,01ri8934-1111-6666-7777-890123456789,81b428dd-0b00-11f0-9250-0050564c5b43,passed,2025-09-24 08:55:56,7eae20a3-d233-11f0-8ce9-0050564c5b43,2026-06-20,feueron
48cd9a7e-0820-11f1-9c6b-0050564c5b43,e5481491-1445-4af8-bf56-c7aeeff3cde0,81b428dd-0b00-11f0-9250-0050564c5b43,passed,2026-02-12 14:36:57,7eae20a3-d233-11f0-8ce9-0050564c5b43,2026-10-27,feueron
48dae934-0b07-11f0-9250-0050564c5b43,c65b3343-e4f0-43e1-8575-1c38e5549386,81bb552f-0b00-11f0-9250-0050564c5b43,passed,2025-09-15 20:15:08,7eae20a3-d233-11f0-8ce9-0050564c5b43,2025-05-06,app
48e4fef0-0820-11f1-9c6b-0050564c5b43,e5481491-1445-4af8-bf56-c7aeeff3cde0,81cbff32-0b00-11f0-9250-0050564c5b43,passed,2026-02-12 14:36:57,7eae20a3-d233-11f0-8ce9-0050564c5b43,2026-11-18,feueron
48fc9a81-0820-11f1-9c6b-0050564c5b43,e5481491-1445-4af8-bf56-c7aeeff3cde0,81bb552f-0b00-11f0-9250-0050564c5b43,passed,2026-02-12 14:36:58,7eae20a3-d233-11f0-8ce9-0050564c5b43,2026-12-20,feueron
494fb17d-9924-11f0-818f-0050564c5b43,01ri8934-1111-6666-7777-890123456789,896a89a8-98d9-11f0-818f-0050564c5b43,passed,2025-09-24 08:55:57,7eae20a3-d233-11f0-8ce9-0050564c5b43,,feueron
4a598d87-de94-11f0-8ce9-0050564c5b43,052d4e18-26b4-4c0c-9290-416e9e7bb6d5,81bb552f-0b00-11f0-9250-0050564c5b43,passed,2025-12-21 17:41:33,7eae20a3-d233-11f0-8ce9-0050564c5b43,2026-04-10,app
4af5676c-f9d0-11f0-9c6b-0050564c5b43,f67g7823-6666-bbbb-cccc-7890123456de,81b428dd-0b00-11f0-9250-0050564c5b43,passed,2026-01-25 09:29:05,7eae20a3-d233-11f0-8ce9-0050564c5b43,2026-10-23,feueron
4b5c0b3e-f9d0-11f0-9c6b-0050564c5b43,f67g7823-6666-bbbb-cccc-7890123456de,81bb552f-0b00-11f0-9250-0050564c5b43,passed,2026-01-25 09:29:05,7eae20a3-d233-11f0-8ce9-0050564c5b43,2026-10-23,feueron
4b62391c-0b07-11f0-9250-0050564c5b43,e5481491-1445-4af8-bf56-c7aeeff3cde0,81b428dd-0b00-11f0-9250-0050564c5b43,passed,2025-09-15 20:15:08,7eae20a3-d233-11f0-8ce9-0050564c5b43,2025-11-09,app
4b624a32-0b07-11f0-9250-0050564c5b43,e5481491-1445-4af8-bf56-c7aeeff3cde0,e4c9ae9c-0aff-11f0-9250-0050564c5b43,passed,2025-09-15 20:15:08,7eae20a3-d233-11f0-8ce9-0050564c5b43,2026-06-30,app
4b62678c-0b07-11f0-9250-0050564c5b43,e5481491-1445-4af8-bf56-c7aeeff3cde0,81bb552f-0b00-11f0-9250-0050564c5b43,passed,2025-09-15 20:15:08,7eae20a3-d233-11f0-8ce9-0050564c5b43,2026-02-22,app
4bd62d17-b1cd-11ef-b620-0242ac110002,c34de45f-3333-6666-aaaa-9012345678cd,6ca6a4d8-b1c4-11ef-b620-0242ac110002,passed,2025-09-15 20:15:08,7eae20a3-d233-11f0-8ce9-0050564c5b43,,feueron
4c0ca92a-bda3-11f0-be7f-0050564c5b43,34ul1267-4444-9999-0000-123456789012,6caa8267-b1c4-11ef-b620-0242ac110002,passed,2025-11-09 19:35:50,7eae20a3-d233-11f0-8ce9-0050564c5b43,,app
4c3c721d-3dbd-11f1-9c6b-0050564c5b43,3a44b5c6-aaaa-dddd-1111-012345678934,010e253a-0be3-11f0-9250-0050564c5b43,passed,2026-04-21 20:04:25,7eae20a3-d233-11f0-8ce9-0050564c5b43,,app
4c477a57-e893-11f0-8ce9-0050564c5b43,4bcl2378-bbbb-0000-1111-234567890123,81b428dd-0b00-11f0-9250-0050564c5b43,passed,2026-01-03 10:59:38,7eae20a3-d233-11f0-8ce9-0050564c5b43,2026-10-26,feueron
4c93cfd6-e893-11f0-8ce9-0050564c5b43,4bcl2378-bbbb-0000-1111-234567890123,81bb552f-0b00-11f0-9250-0050564c5b43,passed,2026-01-03 10:59:38,7eae20a3-d233-11f0-8ce9-0050564c5b43,2026-12-20,feueron
4d36e8bc-0821-11f1-9c6b-0050564c5b43,e55f6071-5555-8888-cccc-5678901234ef,aaaf8d2f-98d9-11f0-818f-0050564c5b43,passed,2026-02-12 14:44:14,7eae20a3-d233-11f0-8ce9-0050564c5b43,2030-08-24,feueron
4d4cbd12-e893-11f0-8ce9-0050564c5b43,4bcl2378-bbbb-0000-1111-234567890123,4d1593a6-32a2-11f0-a302-0050564c5b43,passed,2026-01-03 10:59:40,7eae20a3-d233-11f0-8ce9-0050564c5b43,2027-11-14,feueron
4d64a4b3-0b07-11f0-9250-0050564c5b43,98cd9bd6-09bf-4e64-915a-96063271b437,81c11937-0b00-11f0-9250-0050564c5b43,passed,2025-09-15 20:15:08,7eae20a3-d233-11f0-8ce9-0050564c5b43,2024-04-17,app
4d64a4b7-0b07-11f0-9250-0050564c5b43,98cd9bd6-09bf-4e64-915a-96063271b437,e4c9ae9c-0aff-11f0-9250-0050564c5b43,passed,2025-09-15 20:15:08,7eae20a3-d233-11f0-8ce9-0050564c5b43,2025-01-30,app
4d64afd7-0b07-11f0-9250-0050564c5b43,98cd9bd6-09bf-4e64-915a-96063271b437,81b428dd-0b00-11f0-9250-0050564c5b43,passed,2025-09-15 20:15:08,7eae20a3-d233-11f0-8ce9-0050564c5b43,2025-04-15,app
4d64d520-0b07-11f0-9250-0050564c5b43,98cd9bd6-09bf-4e64-915a-96063271b437,81bb552f-0b00-11f0-9250-0050564c5b43,passed,2025-09-15 20:15:08,7eae20a3-d233-11f0-8ce9-0050564c5b43,2024-09-18,app
4df025e2-b1c9-11ef-b620-0242ac110002,1f36d1aa-a322-49c3-89ea-98ae61c5e6c1,6cb5eb2e-b1c4-11ef-b620-0242ac110002,passed,2025-09-15 20:15:08,7eae20a3-d233-11f0-8ce9-0050564c5b43,,feueron
4df02a22-b1c9-11ef-b620-0242ac110002,1f36d1aa-a322-49c3-89ea-98ae61c5e6c1,6cb9eaba-b1c4-11ef-b620-0242ac110002,passed,2025-09-15 20:15:08,7eae20a3-d233-11f0-8ce9-0050564c5b43,,feueron
4df02b5b-b1c9-11ef-b620-0242ac110002,1f36d1aa-a322-49c3-89ea-98ae61c5e6c1,6ca9021d-b1c4-11ef-b620-0242ac110002,passed,2025-09-15 20:15:08,7eae20a3-d233-11f0-8ce9-0050564c5b43,,feueron
4df02be2-b1c9-11ef-b620-0242ac110002,1f36d1aa-a322-49c3-89ea-98ae61c5e6c1,6ca7e067-b1c4-11ef-b620-0242ac110002,passed,2025-09-15 20:15:08,7eae20a3-d233-11f0-8ce9-0050564c5b43,,feueron
4df02c57-b1c9-11ef-b620-0242ac110002,1f36d1aa-a322-49c3-89ea-98ae61c5e6c1,6caa8267-b1c4-11ef-b620-0242ac110002,passed,2025-09-15 20:15:08,7eae20a3-d233-11f0-8ce9-0050564c5b43,,feueron
4fbd80e5-0b07-11f0-9250-0050564c5b43,d4e03bf9-070f-4993-ac8e-86a806b03dfc,81bb552f-0b00-11f0-9250-0050564c5b43,passed,2025-09-15 20:15:08,7eae20a3-d233-11f0-8ce9-0050564c5b43,2025-05-06,app
4fbd838d-0b07-11f0-9250-0050564c5b43,d4e03bf9-070f-4993-ac8e-86a806b03dfc,81b428dd-0b00-11f0-9250-0050564c5b43,passed,2025-09-15 20:15:08,7eae20a3-d233-11f0-8ce9-0050564c5b43,2026-02-10,app
4fbd861c-0b07-11f0-9250-0050564c5b43,d4e03bf9-070f-4993-ac8e-86a806b03dfc,e4c9ae9c-0aff-11f0-9250-0050564c5b43,passed,2025-09-15 20:15:08,7eae20a3-d233-11f0-8ce9-0050564c5b43,2025-05-26,app
503a9729-e893-11f0-8ce9-0050564c5b43,444e9a02-745a-4723-90f2-722e399ef59f,81b428dd-0b00-11f0-9250-0050564c5b43,passed,2026-01-03 10:59:45,7eae20a3-d233-11f0-8ce9-0050564c5b43,2026-11-30,feueron
5086e0e4-e893-11f0-8ce9-0050564c5b43,444e9a02-745a-4723-90f2-722e399ef59f,81bb552f-0b00-11f0-9250-0050564c5b43,passed,2026-01-03 10:59:45,7eae20a3-d233-11f0-8ce9-0050564c5b43,2026-11-30,feueron
5096e50b-0821-11f1-9c6b-0050564c5b43,e55f6071-5555-8888-cccc-5678901234ef,81cbff32-0b00-11f0-9250-0050564c5b43,passed,2026-02-12 14:44:20,7eae20a3-d233-11f0-8ce9-0050564c5b43,2026-10-14,feueron
509ef775-b1cd-11ef-b620-0242ac110002,d45ef560-4444-7777-bbbb-0123456789de,6cb0cd30-b1c4-11ef-b620-0242ac110002,passed,2025-09-15 20:15:08,7eae20a3-d233-11f0-8ce9-0050564c5b43,,feueron
509ef90b-b1cd-11ef-b620-0242ac110002,d45ef560-4444-7777-bbbb-0123456789de,6cb8662d-b1c4-11ef-b620-0242ac110002,passed,2025-09-15 20:15:08,7eae20a3-d233-11f0-8ce9-0050564c5b43,,feueron
509ef952-b1cd-11ef-b620-0242ac110002,d45ef560-4444-7777-bbbb-0123456789de,6caa8267-b1c4-11ef-b620-0242ac110002,passed,2025-09-15 20:15:08,7eae20a3-d233-11f0-8ce9-0050564c5b43,,feueron
509ef996-b1cd-11ef-b620-0242ac110002,d45ef560-4444-7777-bbbb-0123456789de,6cb9eaba-b1c4-11ef-b620-0242ac110002,passed,2025-09-15 20:15:08,7eae20a3-d233-11f0-8ce9-0050564c5b43,,feueron
509ef9cd-b1cd-11ef-b620-0242ac110002,d45ef560-4444-7777-bbbb-0123456789de,6ca9021d-b1c4-11ef-b620-0242ac110002,passed,2025-09-15 20:15:08,7eae20a3-d233-11f0-8ce9-0050564c5b43,,feueron
50aadf04-0821-11f1-9c6b-0050564c5b43,e55f6071-5555-8888-cccc-5678901234ef,81bb552f-0b00-11f0-9250-0050564c5b43,passed,2026-02-12 14:44:20,7eae20a3-d233-11f0-8ce9-0050564c5b43,2026-12-26,feueron
50ebc8ed-994a-11f0-818f-0050564c5b43,90qh7823-0000-5555-6666-789012345678,6cb24b8e-b1c4-11ef-b620-0242ac110002,passed,2025-09-24 13:28:11,7eae20a3-d233-11f0-8ce9-0050564c5b43,2027-06-23,feueron
513f4fa0-e893-11f0-8ce9-0050564c5b43,444e9a02-745a-4723-90f2-722e399ef59f,4d1593a6-32a2-11f0-a302-0050564c5b43,passed,2026-01-03 10:59:46,7eae20a3-d233-11f0-8ce9-0050564c5b43,2028-06-07,feueron
51667b0a-bda3-11f0-be7f-0050564c5b43,34ul1267-4444-9999-0000-123456789012,e9c2c06e-0bfb-11f0-9250-0050564c5b43,passed,2025-11-09 19:35:59,7eae20a3-d233-11f0-8ce9-0050564c5b43,,app
51d0fb1b-9a1e-11f0-818f-0050564c5b43,34ul1267-4444-9999-0000-123456789012,6cb9eaba-b1c4-11ef-b620-0242ac110002,passed,2025-09-25 14:45:45,7eae20a3-d233-11f0-8ce9-0050564c5b43,,app
51efe4c7-9924-11f0-818f-0050564c5b43,12sj9045-2222-7777-8888-901234567890,81cbff32-0b00-11f0-9250-0050564c5b43,passed,2025-09-24 08:56:12,7eae20a3-d233-11f0-8ce9-0050564c5b43,2026-09-10,feueron
5222095d-9924-11f0-818f-0050564c5b43,12sj9045-2222-7777-8888-901234567890,81bb552f-0b00-11f0-9250-0050564c5b43,passed,2025-09-24 08:56:12,7eae20a3-d233-11f0-8ce9-0050564c5b43,2026-09-10,feueron
524cca7d-9924-11f0-818f-0050564c5b43,12sj9045-2222-7777-8888-901234567890,81b428dd-0b00-11f0-9250-0050564c5b43,passed,2025-09-24 08:56:12,7eae20a3-d233-11f0-8ce9-0050564c5b43,2026-09-10,feueron
52b09dd2-9923-11f0-818f-0050564c5b43,63a16d7d-db4f-4e2c-977d-3c384b92b6fa,81cbff32-0b00-11f0-9250-0050564c5b43,passed,2025-09-24 08:49:03,7eae20a3-d233-11f0-8ce9-0050564c5b43,2025-05-14,feueron
52c3d114-b1c9-11ef-b620-0242ac110002,280e80b1-ab02-4039-8546-7b9cca408a3f,6cb8662d-b1c4-11ef-b620-0242ac110002,passed,2025-09-15 20:15:08,7eae20a3-d233-11f0-8ce9-0050564c5b43,,feueron
52c3d4ca-b1c9-11ef-b620-0242ac110002,280e80b1-ab02-4039-8546-7b9cca408a3f,6caa8267-b1c4-11ef-b620-0242ac110002,passed,2025-09-15 20:15:08,7eae20a3-d233-11f0-8ce9-0050564c5b43,,feueron
52e5b9f8-9923-11f0-818f-0050564c5b43,63a16d7d-db4f-4e2c-977d-3c384b92b6fa,81b428dd-0b00-11f0-9250-0050564c5b43,passed,2025-09-24 08:49:04,7eae20a3-d233-11f0-8ce9-0050564c5b43,2026-03-15,feueron
540a93e6-e893-11f0-8ce9-0050564c5b43,6den4590-dddd-2222-3333-456789012345,4d1593a6-32a2-11f0-a302-0050564c5b43,passed,2026-01-03 10:59:51,7eae20a3-d233-11f0-8ce9-0050564c5b43,2021-08-07,feueron
54143ff7-1192-11f1-9c6b-0050564c5b43,b69e29c0-aa98-46b9-9c61-9556cefc17d3,b3d855bf-0bc5-11f0-9250-0050564c5b43,passed,2026-02-24 15:05:59,7eae20a3-d233-11f0-8ce9-0050564c5b43,,feueron
5449cd75-f9ce-11f0-9c6b-0050564c5b43,b22c3d4e-2222-5555-9999-2345678901bc,81bb552f-0b00-11f0-9250-0050564c5b43,passed,2026-01-25 09:15:01,7eae20a3-d233-11f0-8ce9-0050564c5b43,2026-12-21,feueron
54ead0f5-e892-11f0-8ce9-0050564c5b43,052d4e18-26b4-4c0c-9290-416e9e7bb6d5,81cbff32-0b00-11f0-9250-0050564c5b43,passed,2026-01-03 10:52:43,7eae20a3-d233-11f0-8ce9-0050564c5b43,2026-10-13,feueron
5550e2a9-e892-11f0-8ce9-0050564c5b43,052d4e18-26b4-4c0c-9290-416e9e7bb6d5,81bb552f-0b00-11f0-9250-0050564c5b43,passed,2026-01-03 10:52:44,7eae20a3-d233-11f0-8ce9-0050564c5b43,2026-12-25,feueron
55628e43-e768-11f0-8ce9-0050564c5b43,89zq6712-9999-eeee-5555-678901234567,e4c9ae9c-0aff-11f0-9250-0050564c5b43,passed,2026-01-01 23:19:34,7eae20a3-d233-11f0-8ce9-0050564c5b43,2022-12-31,feueron
562fcd87-9464-11f0-879b-0050564c5b43,3d3cac78-13af-4a2e-84c1-dc2e6a83eeee,b3d855bf-0bc5-11f0-9250-0050564c5b43,not-passed,2025-09-18 07:51:51,7eae20a3-d233-11f0-8ce9-0050564c5b43,,app
56342c43-0b07-11f0-9250-0050564c5b43,6dced0d5-e236-41eb-bbcb-49a93c4de081,e4c9ae9c-0aff-11f0-9250-0050564c5b43,passed,2025-09-15 20:15:08,7eae20a3-d233-11f0-8ce9-0050564c5b43,2020-12-31,app
566520b4-e893-11f0-8ce9-0050564c5b43,7efo5601-eeee-3333-4444-567890123456,6ca6a4d8-b1c4-11ef-b620-0242ac110002,passed,2026-01-03 10:59:55,7eae20a3-d233-11f0-8ce9-0050564c5b43,2024-02-18,feueron
56a39613-e763-11f0-8ce9-0050564c5b43,87ab7ccf-796c-4efd-8f10-d1cd7132599f,e4c9ae9c-0aff-11f0-9250-0050564c5b43,passed,2026-01-01 22:43:48,7eae20a3-d233-11f0-8ce9-0050564c5b43,2022-12-31,feueron
56da3de4-2c40-11f1-9c6b-0050564c5b43,e55f6071-5555-8888-cccc-5678901234ef,81b428dd-0b00-11f0-9250-0050564c5b43,passed,2026-03-30 13:57:06,7eae20a3-d233-11f0-8ce9-0050564c5b43,2026-12-29,feueron
5709f926-0b07-11f0-9250-0050564c5b43,91835ba5-7cf5-4388-8742-825db0460521,81c11937-0b00-11f0-9250-0050564c5b43,passed,2025-09-15 20:15:08,7eae20a3-d233-11f0-8ce9-0050564c5b43,2022-09-25,app
57762e3f-9a1e-11f0-818f-0050564c5b43,34ul1267-4444-9999-0000-123456789012,6ca9021d-b1c4-11ef-b620-0242ac110002,passed,2025-09-25 14:45:55,7eae20a3-d233-11f0-8ce9-0050564c5b43,,app
57c03978-b1c9-11ef-b620-0242ac110002,c65b3343-e4f0-43e1-8575-1c38e5549386,6cad47b9-b1c4-11ef-b620-0242ac110002,passed,2025-09-15 20:15:08,7eae20a3-d233-11f0-8ce9-0050564c5b43,,feueron
57c041a9-b1c9-11ef-b620-0242ac110002,c65b3343-e4f0-43e1-8575-1c38e5549386,6cb5eb2e-b1c4-11ef-b620-0242ac110002,passed,2025-09-15 20:15:08,7eae20a3-d233-11f0-8ce9-0050564c5b43,,feueron
57c04290-b1c9-11ef-b620-0242ac110002,c65b3343-e4f0-43e1-8575-1c38e5549386,6cb24b8e-b1c4-11ef-b620-0242ac110002,passed,2025-09-15 20:15:08,7eae20a3-d233-11f0-8ce9-0050564c5b43,,app
57c0434c-b1c9-11ef-b620-0242ac110002,c65b3343-e4f0-43e1-8575-1c38e5549386,6cb9eaba-b1c4-11ef-b620-0242ac110002,passed,2025-09-15 20:15:08,7eae20a3-d233-11f0-8ce9-0050564c5b43,,feueron
57c04411-b1c9-11ef-b620-0242ac110002,c65b3343-e4f0-43e1-8575-1c38e5549386,6cac2e12-b1c4-11ef-b620-0242ac110002,passed,2025-09-15 20:15:08,7eae20a3-d233-11f0-8ce9-0050564c5b43,,feueron
57c044c8-b1c9-11ef-b620-0242ac110002,c65b3343-e4f0-43e1-8575-1c38e5549386,6cb0cd30-b1c4-11ef-b620-0242ac110002,passed,2025-09-15 20:15:08,7eae20a3-d233-11f0-8ce9-0050564c5b43,,feueron
57c04646-b1c9-11ef-b620-0242ac110002,c65b3343-e4f0-43e1-8575-1c38e5549386,6ca9021d-b1c4-11ef-b620-0242ac110002,passed,2025-09-15 20:15:08,7eae20a3-d233-11f0-8ce9-0050564c5b43,,feueron
57c047e3-b1c9-11ef-b620-0242ac110002,c65b3343-e4f0-43e1-8575-1c38e5549386,6cb486c8-b1c4-11ef-b620-0242ac110002,passed,2025-09-15 20:15:08,7eae20a3-d233-11f0-8ce9-0050564c5b43,,feueron
57c0488e-b1c9-11ef-b620-0242ac110002,c65b3343-e4f0-43e1-8575-1c38e5549386,6cb8662d-b1c4-11ef-b620-0242ac110002,passed,2025-09-15 20:15:08,7eae20a3-d233-11f0-8ce9-0050564c5b43,,feueron
57c0494b-b1c9-11ef-b620-0242ac110002,c65b3343-e4f0-43e1-8575-1c38e5549386,6ca6a4d8-b1c4-11ef-b620-0242ac110002,passed,2025-09-15 20:15:08,7eae20a3-d233-11f0-8ce9-0050564c5b43,,feueron
57c049e5-b1c9-11ef-b620-0242ac110002,c65b3343-e4f0-43e1-8575-1c38e5549386,6cb33f49-b1c4-11ef-b620-0242ac110002,passed,2025-09-15 20:15:08,7eae20a3-d233-11f0-8ce9-0050564c5b43,,feueron
57c04a90-b1c9-11ef-b620-0242ac110002,c65b3343-e4f0-43e1-8575-1c38e5549386,6caa8267-b1c4-11ef-b620-0242ac110002,passed,2025-09-15 20:15:08,7eae20a3-d233-11f0-8ce9-0050564c5b43,,feueron
57c04b3f-b1c9-11ef-b620-0242ac110002,c65b3343-e4f0-43e1-8575-1c38e5549386,6ca43f84-b1c4-11ef-b620-0242ac110002,passed,2025-09-15 20:15:08,7eae20a3-d233-11f0-8ce9-0050564c5b43,,feueron
58870db4-949c-11f0-879b-0050564c5b43,3d3cac78-13af-4a2e-84c1-dc2e6a83eeee,6cb5eb2e-b1c4-11ef-b620-0242ac110002,passed,2025-09-18 14:32:46,7eae20a3-d233-11f0-8ce9-0050564c5b43,,feueron
58e11d7b-cabe-11f0-8ce9-0050564c5b43,b22c3d4e-2222-5555-9999-2345678901bc,6cb5eb2e-b1c4-11ef-b620-0242ac110002,passed,2025-11-26 11:52:13,7eae20a3-d233-11f0-8ce9-0050564c5b43,,feueron
5936aba9-f9d0-11f0-9c6b-0050564c5b43,078h8934-7777-cccc-dddd-8901234567ef,81bb552f-0b00-11f0-9250-0050564c5b43,passed,2026-01-25 09:29:29,7eae20a3-d233-11f0-8ce9-0050564c5b43,2026-12-24,feueron
599d4cc8-e893-11f0-8ce9-0050564c5b43,8fpg6712-ffff-4444-5555-678901234567,81b428dd-0b00-11f0-9250-0050564c5b43,passed,2026-01-03 11:00:00,7eae20a3-d233-11f0-8ce9-0050564c5b43,2026-03-16,feueron
599dd15f-0822-11f1-9c6b-0050564c5b43,f67g7823-6666-bbbb-cccc-7890123456de,81b428dd-0b00-11f0-9250-0050564c5b43,passed,2026-02-12 14:51:44,7eae20a3-d233-11f0-8ce9-0050564c5b43,2026-10-24,feueron
59b415ed-0822-11f1-9c6b-0050564c5b43,f67g7823-6666-bbbb-cccc-7890123456de,81bb552f-0b00-11f0-9250-0050564c5b43,passed,2026-02-12 14:51:45,7eae20a3-d233-11f0-8ce9-0050564c5b43,2026-10-24,feueron
59e5dd4c-eb3b-11f0-9c6b-0050564c5b43,182293a4-8888-bbbb-ffff-890123456712,81b428dd-0b00-11f0-9250-0050564c5b43,passed,2026-01-06 20:07:39,7eae20a3-d233-11f0-8ce9-0050564c5b43,2026-10-26,feueron
59efbe22-e892-11f0-8ce9-0050564c5b43,b69e29c0-aa98-46b9-9c61-9556cefc17d3,81b428dd-0b00-11f0-9250-0050564c5b43,passed,2026-01-03 10:52:51,7eae20a3-d233-11f0-8ce9-0050564c5b43,2026-11-30,feueron
5a2f1d9c-eb3b-11f0-9c6b-0050564c5b43,182293a4-8888-bbbb-ffff-890123456712,81bb552f-0b00-11f0-9250-0050564c5b43,passed,2026-01-06 20:07:39,7eae20a3-d233-11f0-8ce9-0050564c5b43,2026-05-16,feueron
5a38bccd-e892-11f0-8ce9-0050564c5b43,b69e29c0-aa98-46b9-9c61-9556cefc17d3,81cbff32-0b00-11f0-9250-0050564c5b43,passed,2026-01-03 10:52:52,7eae20a3-d233-11f0-8ce9-0050564c5b43,2026-11-24,feueron
5a8219e2-e892-11f0-8ce9-0050564c5b43,b69e29c0-aa98-46b9-9c61-9556cefc17d3,81bb552f-0b00-11f0-9250-0050564c5b43,passed,2026-01-03 10:52:52,7eae20a3-d233-11f0-8ce9-0050564c5b43,2026-12-19,feueron
5a86fd3a-9923-11f0-818f-0050564c5b43,b22c3d4e-2222-5555-9999-2345678901bc,81cbff32-0b00-11f0-9250-0050564c5b43,passed,2025-09-24 08:49:16,7eae20a3-d233-11f0-8ce9-0050564c5b43,2026-02-11,feueron
5aa922d9-9923-11f0-818f-0050564c5b43,b22c3d4e-2222-5555-9999-2345678901bc,e4c9ae9c-0aff-11f0-9250-0050564c5b43,passed,2025-09-24 08:49:17,7eae20a3-d233-11f0-8ce9-0050564c5b43,2028-04-09,feueron
5ac147e2-375e-11f1-9c6b-0050564c5b43,444e9a02-745a-4723-90f2-722e399ef59f,aaaf8d2f-98d9-11f0-818f-0050564c5b43,not-passed,2026-04-13 17:29:41,7eae20a3-d233-11f0-8ce9-0050564c5b43,,app
5acdfd04-b1cd-11ef-b620-0242ac110002,e56f6712-5555-aaaa-bbbb-6789012345cd,6ca7e067-b1c4-11ef-b620-0242ac110002,passed,2025-09-15 20:15:08,7eae20a3-d233-11f0-8ce9-0050564c5b43,,feueron
5ace0180-b1cd-11ef-b620-0242ac110002,e56f6712-5555-aaaa-bbbb-6789012345cd,6caa8267-b1c4-11ef-b620-0242ac110002,passed,2025-09-15 20:15:08,7eae20a3-d233-11f0-8ce9-0050564c5b43,,feueron
5ace0239-b1cd-11ef-b620-0242ac110002,e56f6712-5555-aaaa-bbbb-6789012345cd,6cb5eb2e-b1c4-11ef-b620-0242ac110002,passed,2025-09-15 20:15:08,7eae20a3-d233-11f0-8ce9-0050564c5b43,,feueron
5ace02f1-b1cd-11ef-b620-0242ac110002,e56f6712-5555-aaaa-bbbb-6789012345cd,6cb33f49-b1c4-11ef-b620-0242ac110002,passed,2025-09-15 20:15:08,7eae20a3-d233-11f0-8ce9-0050564c5b43,,feueron
5ace03f9-b1cd-11ef-b620-0242ac110002,e56f6712-5555-aaaa-bbbb-6789012345cd,6cb9eaba-b1c4-11ef-b620-0242ac110002,passed,2025-09-15 20:15:08,7eae20a3-d233-11f0-8ce9-0050564c5b43,,feueron
5ace048f-b1cd-11ef-b620-0242ac110002,e56f6712-5555-aaaa-bbbb-6789012345cd,6ca9021d-b1c4-11ef-b620-0242ac110002,passed,2025-09-15 20:15:08,7eae20a3-d233-11f0-8ce9-0050564c5b43,,feueron
5ad17d4c-994e-11f0-818f-0050564c5b43,c65b3343-e4f0-43e1-8575-1c38e5549386,6cb24b8e-b1c4-11ef-b620-0242ac110002,passed,2025-09-24 13:57:05,7eae20a3-d233-11f0-8ce9-0050564c5b43,2029-04-07,feueron
5ad8bec8-9923-11f0-818f-0050564c5b43,b22c3d4e-2222-5555-9999-2345678901bc,81b428dd-0b00-11f0-9250-0050564c5b43,passed,2025-09-24 08:49:17,7eae20a3-d233-11f0-8ce9-0050564c5b43,2026-08-24,feueron
5b8c3cae-010d-11f1-9c6b-0050564c5b43,189i9045-8888-dddd-eeee-9012345678f0,6ca6a4d8-b1c4-11ef-b620-0242ac110002,passed,2026-02-03 14:33:50,7eae20a3-d233-11f0-8ce9-0050564c5b43,2024-06-16,feueron
5bd48bee-010d-11f1-9c6b-0050564c5b43,189i9045-8888-dddd-eeee-9012345678f0,81bb552f-0b00-11f0-9250-0050564c5b43,passed,2026-02-03 14:33:51,7eae20a3-d233-11f0-8ce9-0050564c5b43,2026-12-23,feueron
5c7dee94-b1c9-11ef-b620-0242ac110002,e5481491-1445-4af8-bf56-c7aeeff3cde0,6cb9eaba-b1c4-11ef-b620-0242ac110002,passed,2025-09-15 20:15:08,7eae20a3-d233-11f0-8ce9-0050564c5b43,,feueron
5c7df935-b1c9-11ef-b620-0242ac110002,e5481491-1445-4af8-bf56-c7aeeff3cde0,6cb0cd30-b1c4-11ef-b620-0242ac110002,passed,2025-09-15 20:15:08,7eae20a3-d233-11f0-8ce9-0050564c5b43,,feueron
5c7dfa0f-b1c9-11ef-b620-0242ac110002,e5481491-1445-4af8-bf56-c7aeeff3cde0,6ca7e067-b1c4-11ef-b620-0242ac110002,passed,2025-09-15 20:15:08,7eae20a3-d233-11f0-8ce9-0050564c5b43,,feueron
5c7dfae1-b1c9-11ef-b620-0242ac110002,e5481491-1445-4af8-bf56-c7aeeff3cde0,6ca6a4d8-b1c4-11ef-b620-0242ac110002,passed,2025-09-15 20:15:08,7eae20a3-d233-11f0-8ce9-0050564c5b43,,feueron
5c7dfba9-b1c9-11ef-b620-0242ac110002,e5481491-1445-4af8-bf56-c7aeeff3cde0,6caa8267-b1c4-11ef-b620-0242ac110002,passed,2025-09-15 20:15:08,7eae20a3-d233-11f0-8ce9-0050564c5b43,,feueron
5d32c25f-cab2-11f0-8ce9-0050564c5b43,b69e29c0-aa98-46b9-9c61-9556cefc17d3,6cb8662d-b1c4-11ef-b620-0242ac110002,passed,2025-11-26 10:26:26,7eae20a3-d233-11f0-8ce9-0050564c5b43,,feueron
5d33f814-de94-11f0-8ce9-0050564c5b43,b69e29c0-aa98-46b9-9c61-9556cefc17d3,81cbff32-0b00-11f0-9250-0050564c5b43,passed,2025-12-21 17:42:04,7eae20a3-d233-11f0-8ce9-0050564c5b43,2026-11-24,app
5d64e5a9-e893-11f0-8ce9-0050564c5b43,90qh7823-0000-5555-6666-789012345678,81bb552f-0b00-11f0-9250-0050564c5b43,passed,2026-01-03 11:00:07,7eae20a3-d233-11f0-8ce9-0050564c5b43,2026-06-08,feueron
5e1b1aea-949c-11f0-879b-0050564c5b43,3d3cac78-13af-4a2e-84c1-dc2e6a83eeee,6cb5eb2e-b1c4-11ef-b620-0242ac110002,passed,2025-09-18 14:32:56,7eae20a3-d233-11f0-8ce9-0050564c5b43,,app
5edf77be-9464-11f0-879b-0050564c5b43,3d3cac78-13af-4a2e-84c1-dc2e6a83eeee,6caa8267-b1c4-11ef-b620-0242ac110002,passed,2025-09-18 07:52:05,7eae20a3-d233-11f0-8ce9-0050564c5b43,,feueron
60438da6-e88f-11f0-8ce9-0050564c5b43,052d4e18-26b4-4c0c-9290-416e9e7bb6d5,81cbff32-0b00-11f0-9250-0050564c5b43,passed,2026-01-03 10:31:34,7eae20a3-d233-11f0-8ce9-0050564c5b43,2026-10-13,feueron
6053d160-94b3-11f0-879b-0050564c5b43,3d3cac78-13af-4a2e-84c1-dc2e6a83eeee,4d1593a6-32a2-11f0-a302-0050564c5b43,passed,2025-09-18 17:17:37,7eae20a3-d233-11f0-8ce9-0050564c5b43,2029-05-21,app
60a59364-e88f-11f0-8ce9-0050564c5b43,052d4e18-26b4-4c0c-9290-416e9e7bb6d5,81bb552f-0b00-11f0-9250-0050564c5b43,passed,2026-01-03 10:31:34,7eae20a3-d233-11f0-8ce9-0050564c5b43,2026-12-25,feueron
616d2dc2-e893-11f0-8ce9-0050564c5b43,01ri8934-1111-6666-7777-890123456789,e4c9ae9c-0aff-11f0-9250-0050564c5b43,passed,2026-01-03 11:00:13,7eae20a3-d233-11f0-8ce9-0050564c5b43,2028-10-06,feueron
61b9dcc3-e893-11f0-8ce9-0050564c5b43,01ri8934-1111-6666-7777-890123456789,81b428dd-0b00-11f0-9250-0050564c5b43,passed,2026-01-03 11:00:14,7eae20a3-d233-11f0-8ce9-0050564c5b43,2026-10-26,feueron
62068710-e893-11f0-8ce9-0050564c5b43,01ri8934-1111-6666-7777-890123456789,81bb552f-0b00-11f0-9250-0050564c5b43,passed,2026-01-03 11:00:14,7eae20a3-d233-11f0-8ce9-0050564c5b43,2026-12-19,feueron
6211d2c8-0b05-11f0-9250-0050564c5b43,e01acdb7-36a7-4c26-8009-4a72e3143ec8,81bb552f-0b00-11f0-9250-0050564c5b43,passed,2025-09-15 20:15:08,7eae20a3-d233-11f0-8ce9-0050564c5b43,2026-02-04,app
621229e5-0b05-11f0-9250-0050564c5b43,e01acdb7-36a7-4c26-8009-4a72e3143ec8,81b428dd-0b00-11f0-9250-0050564c5b43,passed,2025-09-15 20:15:08,7eae20a3-d233-11f0-8ce9-0050564c5b43,2016-03-13,app
62124c7c-0b05-11f0-9250-0050564c5b43,e01acdb7-36a7-4c26-8009-4a72e3143ec8,81c11937-0b00-11f0-9250-0050564c5b43,passed,2025-09-15 20:15:08,7eae20a3-d233-11f0-8ce9-0050564c5b43,2024-11-14,app
6212bc14-0b05-11f0-9250-0050564c5b43,e01acdb7-36a7-4c26-8009-4a72e3143ec8,e4c9ae9c-0aff-11f0-9250-0050564c5b43,passed,2025-09-15 20:15:08,7eae20a3-d233-11f0-8ce9-0050564c5b43,2026-09-25,app
6238858d-010e-11f1-9c6b-0050564c5b43,34ul1267-4444-9999-0000-123456789012,e4c9ae9c-0aff-11f0-9250-0050564c5b43,passed,2026-02-03 14:41:11,7eae20a3-d233-11f0-8ce9-0050564c5b43,2026-12-09,feueron
629b9587-a56b-11f0-818f-0050564c5b43,3d3cac78-13af-4a2e-84c1-dc2e6a83eeee,6ca36e9f-b1c4-11ef-b620-0242ac110002,passed,2025-10-09 23:55:08,7eae20a3-d233-11f0-8ce9-0050564c5b43,,app
629f0712-010e-11f1-9c6b-0050564c5b43,34ul1267-4444-9999-0000-123456789012,4d1593a6-32a2-11f0-a302-0050564c5b43,passed,2026-02-03 14:41:11,7eae20a3-d233-11f0-8ce9-0050564c5b43,2021-02-09,feueron
62de3670-f9d1-11f0-9c6b-0050564c5b43,34ul1267-4444-9999-0000-123456789012,e4c9ae9c-0aff-11f0-9250-0050564c5b43,passed,2026-01-25 09:36:54,7eae20a3-d233-11f0-8ce9-0050564c5b43,2026-12-09,feueron
62e82fc4-010e-11f1-9c6b-0050564c5b43,34ul1267-4444-9999-0000-123456789012,81cbff32-0b00-11f0-9250-0050564c5b43,passed,2026-02-03 14:41:12,7eae20a3-d233-11f0-8ce9-0050564c5b43,2026-10-06,feueron
632a5c4c-f9d1-11f0-9c6b-0050564c5b43,34ul1267-4444-9999-0000-123456789012,4d1593a6-32a2-11f0-a302-0050564c5b43,passed,2026-01-25 09:36:55,7eae20a3-d233-11f0-8ce9-0050564c5b43,2021-02-09,feueron
6331341d-010e-11f1-9c6b-0050564c5b43,34ul1267-4444-9999-0000-123456789012,81bb552f-0b00-11f0-9250-0050564c5b43,passed,2026-02-03 14:41:12,7eae20a3-d233-11f0-8ce9-0050564c5b43,2026-11-27,feueron
6375579c-9464-11f0-879b-0050564c5b43,3d3cac78-13af-4a2e-84c1-dc2e6a83eeee,6cad47b9-b1c4-11ef-b620-0242ac110002,passed,2025-09-18 07:52:13,7eae20a3-d233-11f0-8ce9-0050564c5b43,,app
637668ef-f9d1-11f0-9c6b-0050564c5b43,34ul1267-4444-9999-0000-123456789012,81cbff32-0b00-11f0-9250-0050564c5b43,passed,2026-01-25 09:36:55,7eae20a3-d233-11f0-8ce9-0050564c5b43,2026-10-06,feueron
639e3043-9923-11f0-818f-0050564c5b43,a11b2c3d-1111-4444-8888-1234567890ab,896a89a8-98d9-11f0-818f-0050564c5b43,passed,2025-09-24 08:49:32,7eae20a3-d233-11f0-8ce9-0050564c5b43,,feueron
63c28e7f-f9d1-11f0-9c6b-0050564c5b43,34ul1267-4444-9999-0000-123456789012,81bb552f-0b00-11f0-9250-0050564c5b43,passed,2026-01-25 09:36:56,7eae20a3-d233-11f0-8ce9-0050564c5b43,2026-11-27,feueron
64c9f566-0822-11f1-9c6b-0050564c5b43,078h8934-7777-cccc-dddd-8901234567ef,81bb552f-0b00-11f0-9250-0050564c5b43,passed,2026-02-12 14:52:03,7eae20a3-d233-11f0-8ce9-0050564c5b43,2026-12-25,feueron
64e87e99-27af-11f0-a302-0050564c5b43,901ab12c-0000-3333-7777-67890123459a,6cb9eaba-b1c4-11ef-b620-0242ac110002,passed,2025-09-15 20:15:08,7eae20a3-d233-11f0-8ce9-0050564c5b43,,feueron
6515f051-b1cd-11ef-b620-0242ac110002,f67g7823-6666-bbbb-cccc-7890123456de,6ca7e067-b1c4-11ef-b620-0242ac110002,passed,2025-09-15 20:15:08,7eae20a3-d233-11f0-8ce9-0050564c5b43,,feueron
6515f3fb-b1cd-11ef-b620-0242ac110002,f67g7823-6666-bbbb-cccc-7890123456de,6ca9021d-b1c4-11ef-b620-0242ac110002,passed,2025-09-15 20:15:08,7eae20a3-d233-11f0-8ce9-0050564c5b43,,feueron
6515f45b-b1cd-11ef-b620-0242ac110002,f67g7823-6666-bbbb-cccc-7890123456de,6caa8267-b1c4-11ef-b620-0242ac110002,passed,2025-09-15 20:15:08,7eae20a3-d233-11f0-8ce9-0050564c5b43,,feueron
6515f4a3-b1cd-11ef-b620-0242ac110002,f67g7823-6666-bbbb-cccc-7890123456de,6cb33f49-b1c4-11ef-b620-0242ac110002,passed,2025-09-15 20:15:08,7eae20a3-d233-11f0-8ce9-0050564c5b43,,feueron
6515f4f9-b1cd-11ef-b620-0242ac110002,f67g7823-6666-bbbb-cccc-7890123456de,6cb5eb2e-b1c4-11ef-b620-0242ac110002,passed,2025-09-15 20:15:08,7eae20a3-d233-11f0-8ce9-0050564c5b43,,feueron
6515f540-b1cd-11ef-b620-0242ac110002,f67g7823-6666-bbbb-cccc-7890123456de,6cb8662d-b1c4-11ef-b620-0242ac110002,passed,2025-09-15 20:15:08,7eae20a3-d233-11f0-8ce9-0050564c5b43,,feueron
6515f57c-b1cd-11ef-b620-0242ac110002,f67g7823-6666-bbbb-cccc-7890123456de,6cb9eaba-b1c4-11ef-b620-0242ac110002,passed,2025-09-15 20:15:08,7eae20a3-d233-11f0-8ce9-0050564c5b43,,feueron
65863d0e-9a1e-11f0-818f-0050564c5b43,34ul1267-4444-9999-0000-123456789012,6cb33f49-b1c4-11ef-b620-0242ac110002,passed,2025-09-25 14:46:19,7eae20a3-d233-11f0-8ce9-0050564c5b43,,app
65dce5d1-e892-11f0-8ce9-0050564c5b43,1f36d1aa-a322-49c3-89ea-98ae61c5e6c1,81b428dd-0b00-11f0-9250-0050564c5b43,passed,2026-01-03 10:53:11,7eae20a3-d233-11f0-8ce9-0050564c5b43,2026-10-26,feueron
663bc5ff-010c-11f1-9c6b-0050564c5b43,7e88f90a-eeee-1111-5555-456789012378,81bb552f-0b00-11f0-9250-0050564c5b43,passed,2026-02-03 14:26:59,7eae20a3-d233-11f0-8ce9-0050564c5b43,2026-12-19,feueron
66446091-e892-11f0-8ce9-0050564c5b43,1f36d1aa-a322-49c3-89ea-98ae61c5e6c1,81bb552f-0b00-11f0-9250-0050564c5b43,passed,2026-01-03 10:53:12,7eae20a3-d233-11f0-8ce9-0050564c5b43,2026-12-19,feueron
668c0b70-949c-11f0-879b-0050564c5b43,3d3cac78-13af-4a2e-84c1-dc2e6a83eeee,6cb9eaba-b1c4-11ef-b620-0242ac110002,passed,2025-09-18 14:33:09,7eae20a3-d233-11f0-8ce9-0050564c5b43,2025-10-01,feueron
668c7a96-a56b-11f0-818f-0050564c5b43,3d3cac78-13af-4a2e-84c1-dc2e6a83eeee,6ca36e9f-b1c4-11ef-b620-0242ac110002,passed,2025-10-09 23:55:14,7eae20a3-d233-11f0-8ce9-0050564c5b43,2025-10-07,app
66bac4b8-b1c9-11ef-b620-0242ac110002,98cd9bd6-09bf-4e64-915a-96063271b437,6cb5eb2e-b1c4-11ef-b620-0242ac110002,passed,2025-09-15 20:15:08,7eae20a3-d233-11f0-8ce9-0050564c5b43,,feueron
66bacacb-b1c9-11ef-b620-0242ac110002,98cd9bd6-09bf-4e64-915a-96063271b437,6cb9eaba-b1c4-11ef-b620-0242ac110002,passed,2025-09-15 20:15:08,7eae20a3-d233-11f0-8ce9-0050564c5b43,,feueron
66bacb7d-b1c9-11ef-b620-0242ac110002,98cd9bd6-09bf-4e64-915a-96063271b437,6ca9021d-b1c4-11ef-b620-0242ac110002,passed,2025-09-15 20:15:08,7eae20a3-d233-11f0-8ce9-0050564c5b43,,feueron
66bacc4c-b1c9-11ef-b620-0242ac110002,98cd9bd6-09bf-4e64-915a-96063271b437,6cb8662d-b1c4-11ef-b620-0242ac110002,passed,2025-09-15 20:15:08,7eae20a3-d233-11f0-8ce9-0050564c5b43,,feueron
66bacd00-b1c9-11ef-b620-0242ac110002,98cd9bd6-09bf-4e64-915a-96063271b437,6ca7e067-b1c4-11ef-b620-0242ac110002,passed,2025-09-15 20:15:08,7eae20a3-d233-11f0-8ce9-0050564c5b43,,feueron
66bacd92-b1c9-11ef-b620-0242ac110002,98cd9bd6-09bf-4e64-915a-96063271b437,6cb33f49-b1c4-11ef-b620-0242ac110002,passed,2025-09-15 20:15:08,7eae20a3-d233-11f0-8ce9-0050564c5b43,,feueron
66bace3d-b1c9-11ef-b620-0242ac110002,98cd9bd6-09bf-4e64-915a-96063271b437,6caa8267-b1c4-11ef-b620-0242ac110002,passed,2025-09-15 20:15:08,7eae20a3-d233-11f0-8ce9-0050564c5b43,,feueron
681cc93b-010d-11f1-9c6b-0050564c5b43,b53adffe-4975-45ff-a03e-f68e19d03187,e4c9ae9c-0aff-11f0-9250-0050564c5b43,passed,2026-02-03 14:34:11,7eae20a3-d233-11f0-8ce9-0050564c5b43,2026-01-23,feueron
6828e713-e893-11f0-8ce9-0050564c5b43,12sj9045-2222-7777-8888-901234567890,81b428dd-0b00-11f0-9250-0050564c5b43,passed,2026-01-03 11:00:25,7eae20a3-d233-11f0-8ce9-0050564c5b43,2026-10-26,feueron
6870e661-1192-11f1-9c6b-0050564c5b43,85412c95-9ed2-4f6e-9359-431a0d3f9ebd,e4c9ae9c-0aff-11f0-9250-0050564c5b43,passed,2026-02-24 15:06:33,7eae20a3-d233-11f0-8ce9-0050564c5b43,2028-08-11,feueron
6875819d-e893-11f0-8ce9-0050564c5b43,12sj9045-2222-7777-8888-901234567890,81bb552f-0b00-11f0-9250-0050564c5b43,passed,2026-01-03 11:00:25,7eae20a3-d233-11f0-8ce9-0050564c5b43,2026-12-20,feueron
6881f5cd-010d-11f1-9c6b-0050564c5b43,b53adffe-4975-45ff-a03e-f68e19d03187,81b428dd-0b00-11f0-9250-0050564c5b43,passed,2026-02-03 14:34:12,7eae20a3-d233-11f0-8ce9-0050564c5b43,2026-03-08,feueron
68ca38f0-010d-11f1-9c6b-0050564c5b43,b53adffe-4975-45ff-a03e-f68e19d03187,81cbff32-0b00-11f0-9250-0050564c5b43,passed,2026-02-03 14:34:12,7eae20a3-d233-11f0-8ce9-0050564c5b43,2026-10-11,feueron
69126f5b-010d-11f1-9c6b-0050564c5b43,b53adffe-4975-45ff-a03e-f68e19d03187,81bb552f-0b00-11f0-9250-0050564c5b43,passed,2026-02-03 14:34:13,7eae20a3-d233-11f0-8ce9-0050564c5b43,2026-12-21,feueron
693a7a10-a56b-11f0-818f-0050564c5b43,3d3cac78-13af-4a2e-84c1-dc2e6a83eeee,6ca36e9f-b1c4-11ef-b620-0242ac110002,not-passed,2025-10-09 23:55:19,7eae20a3-d233-11f0-8ce9-0050564c5b43,,app
69b90d39-b1cd-11ef-b620-0242ac110002,078h8934-7777-cccc-dddd-8901234567ef,6cb5eb2e-b1c4-11ef-b620-0242ac110002,passed,2025-09-15 20:15:08,7eae20a3-d233-11f0-8ce9-0050564c5b43,,feueron
69b90f0a-b1cd-11ef-b620-0242ac110002,078h8934-7777-cccc-dddd-8901234567ef,6cb9eaba-b1c4-11ef-b620-0242ac110002,passed,2025-09-15 20:15:08,7eae20a3-d233-11f0-8ce9-0050564c5b43,,feueron
69b90f6e-b1cd-11ef-b620-0242ac110002,078h8934-7777-cccc-dddd-8901234567ef,6ca9021d-b1c4-11ef-b620-0242ac110002,passed,2025-09-15 20:15:08,7eae20a3-d233-11f0-8ce9-0050564c5b43,,feueron
69b90fc8-b1cd-11ef-b620-0242ac110002,078h8934-7777-cccc-dddd-8901234567ef,6caa8267-b1c4-11ef-b620-0242ac110002,passed,2025-09-15 20:15:08,7eae20a3-d233-11f0-8ce9-0050564c5b43,,feueron
69b91011-b1cd-11ef-b620-0242ac110002,078h8934-7777-cccc-dddd-8901234567ef,6ca7e067-b1c4-11ef-b620-0242ac110002,passed,2025-09-15 20:15:08,7eae20a3-d233-11f0-8ce9-0050564c5b43,,feueron
69b9363e-b1cd-11ef-b620-0242ac110002,078h8934-7777-cccc-dddd-8901234567ef,6cb33f49-b1c4-11ef-b620-0242ac110002,passed,2025-09-15 20:15:08,7eae20a3-d233-11f0-8ce9-0050564c5b43,,feueron
6a88de01-0821-11f1-9c6b-0050564c5b43,07118293-7777-aaaa-eeee-789012345601,81bb552f-0b00-11f0-9250-0050564c5b43,passed,2026-02-12 14:45:03,7eae20a3-d233-11f0-8ce9-0050564c5b43,2026-12-30,feueron
6babda7f-de94-11f0-8ce9-0050564c5b43,b69e29c0-aa98-46b9-9c61-9556cefc17d3,81c11937-0b00-11f0-9250-0050564c5b43,passed,2025-12-21 17:42:28,7eae20a3-d233-11f0-8ce9-0050564c5b43,2026-11-30,app
6bb8846c-9a1e-11f0-818f-0050564c5b43,34ul1267-4444-9999-0000-123456789012,6cac2e12-b1c4-11ef-b620-0242ac110002,passed,2025-09-25 14:46:29,7eae20a3-d233-11f0-8ce9-0050564c5b43,,app
6be20568-9464-11f0-879b-0050564c5b43,3d3cac78-13af-4a2e-84c1-dc2e6a83eeee,6cb8662d-b1c4-11ef-b620-0242ac110002,passed,2025-09-18 07:52:27,7eae20a3-d233-11f0-8ce9-0050564c5b43,,app
6c5e45e1-b1d6-11ef-b620-0242ac110002,29aj0156-9999-eeee-ffff-012345678901,6ca6a4d8-b1c4-11ef-b620-0242ac110002,passed,2025-09-15 20:15:08,7eae20a3-d233-11f0-8ce9-0050564c5b43,,feueron
6c6942dd-e88f-11f0-8ce9-0050564c5b43,b69e29c0-aa98-46b9-9c61-9556cefc17d3,81b428dd-0b00-11f0-9250-0050564c5b43,passed,2026-01-03 10:31:54,7eae20a3-d233-11f0-8ce9-0050564c5b43,2026-11-30,feueron
6caf6475-e88f-11f0-8ce9-0050564c5b43,b69e29c0-aa98-46b9-9c61-9556cefc17d3,81cbff32-0b00-11f0-9250-0050564c5b43,passed,2026-01-03 10:31:54,7eae20a3-d233-11f0-8ce9-0050564c5b43,2026-11-24,feueron
6cf5761a-e88f-11f0-8ce9-0050564c5b43,b69e29c0-aa98-46b9-9c61-9556cefc17d3,81bb552f-0b00-11f0-9250-0050564c5b43,passed,2026-01-03 10:31:55,7eae20a3-d233-11f0-8ce9-0050564c5b43,2026-12-19,feueron
6d0a7c16-2c40-11f1-9c6b-0050564c5b43,5c66d7e8-cccc-ffff-3333-234567890156,e4c9ae9c-0aff-11f0-9250-0050564c5b43,passed,2026-03-30 13:57:43,7eae20a3-d233-11f0-8ce9-0050564c5b43,2022-12-31,feueron
6d1d3432-f9cf-11f0-9c6b-0050564c5b43,7e88f90a-eeee-1111-5555-456789012378,b3d855bf-0bc5-11f0-9250-0050564c5b43,passed,2026-01-25 09:22:53,7eae20a3-d233-11f0-8ce9-0050564c5b43,,feueron
6d45e4a2-27ae-11f0-a302-0050564c5b43,d7b2f88e-3a80-43a1-8112-7697071d87a2,b3d855bf-0bc5-11f0-9250-0050564c5b43,attended,2025-09-15 20:15:08,7eae20a3-d233-11f0-8ce9-0050564c5b43,,feueron
6d91c2ba-27af-11f0-a302-0050564c5b43,a12bc23d-1111-4444-8888-7890123456ab,b3d855bf-0bc5-11f0-9250-0050564c5b43,passed,2025-09-15 20:15:08,7eae20a3-d233-11f0-8ce9-0050564c5b43,,feueron
6d9370b8-f9cf-11f0-9c6b-0050564c5b43,7e88f90a-eeee-1111-5555-456789012378,b3d855bf-0bc5-11f0-9250-0050564c5b43,passed,2026-01-25 09:22:53,7eae20a3-d233-11f0-8ce9-0050564c5b43,,feueron
6de4f3c3-9923-11f0-818f-0050564c5b43,c33d4e5f-3333-6666-aaaa-3456789012cd,896a89a8-98d9-11f0-818f-0050564c5b43,passed,2025-09-24 08:49:49,7eae20a3-d233-11f0-8ce9-0050564c5b43,,feueron
6f3382c8-bd9e-11f0-be7f-0050564c5b43,b69e29c0-aa98-46b9-9c61-9556cefc17d3,6cb9eaba-b1c4-11ef-b620-0242ac110002,passed,2025-11-09 19:01:01,7eae20a3-d233-11f0-8ce9-0050564c5b43,,app
6f6f78b3-f9d0-11f0-9c6b-0050564c5b43,189i9045-8888-dddd-eeee-9012345678f0,6ca6a4d8-b1c4-11ef-b620-0242ac110002,passed,2026-01-25 09:30:06,7eae20a3-d233-11f0-8ce9-0050564c5b43,2024-06-16,feueron
6f6fc010-9a1e-11f0-818f-0050564c5b43,34ul1267-4444-9999-0000-123456789012,6cad47b9-b1c4-11ef-b620-0242ac110002,passed,2025-09-25 14:46:35,7eae20a3-d233-11f0-8ce9-0050564c5b43,,app
6f9044f8-3653-11f1-9c6b-0050564c5b43,23due0156-dddd-2222-9999-01234567890,81b428dd-0b00-11f0-9250-0050564c5b43,passed,2026-04-12 09:39:00,7eae20a3-d233-11f0-8ce9-0050564c5b43,2027-03-08,feueron
6fb9884a-f9d0-11f0-9c6b-0050564c5b43,189i9045-8888-dddd-eeee-9012345678f0,81bb552f-0b00-11f0-9250-0050564c5b43,passed,2026-01-25 09:30:06,7eae20a3-d233-11f0-8ce9-0050564c5b43,2026-12-23,feueron
6ff531ba-4f6c-11f1-9c6b-0050564c5b43,90arb7823-aaaa-ffff-6666-78901234567,6cb9eaba-b1c4-11ef-b620-0242ac110002,passed,2026-05-14 08:10:57,7eae20a3-d233-11f0-8ce9-0050564c5b43,2026-06-25,app
70250e3b-4f6c-11f1-9c6b-0050564c5b43,90arb7823-aaaa-ffff-6666-78901234567,6ca7e067-b1c4-11ef-b620-0242ac110002,passed,2026-05-14 08:10:58,7eae20a3-d233-11f0-8ce9-0050564c5b43,2026-06-25,app
70479a33-4f6c-11f1-9c6b-0050564c5b43,90arb7823-aaaa-ffff-6666-78901234567,e4c9ae9c-0aff-11f0-9250-0050564c5b43,passed,2026-05-14 08:10:58,7eae20a3-d233-11f0-8ce9-0050564c5b43,2026-06-25,app
70680bf8-0109-11f1-9c6b-0050564c5b43,052d4e18-26b4-4c0c-9290-416e9e7bb6d5,81cbff32-0b00-11f0-9250-0050564c5b43,passed,2026-02-03 14:05:47,7eae20a3-d233-11f0-8ce9-0050564c5b43,2026-10-13,feueron
706aec1e-4f6c-11f1-9c6b-0050564c5b43,90arb7823-aaaa-ffff-6666-78901234567,6cb5eb2e-b1c4-11ef-b620-0242ac110002,passed,2026-05-14 08:10:58,7eae20a3-d233-11f0-8ce9-0050564c5b43,2026-06-25,app
708def23-4f6c-11f1-9c6b-0050564c5b43,90arb7823-aaaa-ffff-6666-78901234567,b3d855bf-0bc5-11f0-9250-0050564c5b43,passed,2026-05-14 08:10:58,7eae20a3-d233-11f0-8ce9-0050564c5b43,2026-06-25,app
70b06415-4f6c-11f1-9c6b-0050564c5b43,90arb7823-aaaa-ffff-6666-78901234567,6cb24b8e-b1c4-11ef-b620-0242ac110002,passed,2026-05-14 08:10:59,7eae20a3-d233-11f0-8ce9-0050564c5b43,2026-06-25,app
70cfaf5c-0109-11f1-9c6b-0050564c5b43,052d4e18-26b4-4c0c-9290-416e9e7bb6d5,81bb552f-0b00-11f0-9250-0050564c5b43,passed,2026-02-03 14:05:48,7eae20a3-d233-11f0-8ce9-0050564c5b43,2026-12-25,feueron
71a9bda6-957a-11f0-818f-0050564c5b43,444e9a02-745a-4723-90f2-722e399ef59f,6ca7e067-b1c4-11ef-b620-0242ac110002,passed,2025-09-19 17:02:37,7eae20a3-d233-11f0-8ce9-0050564c5b43,,feueron
71e78c79-9949-11f0-818f-0050564c5b43,3d3cac78-13af-4a2e-84c1-dc2e6a83eeee,6cb33f49-b1c4-11ef-b620-0242ac110002,passed,2025-09-24 13:21:56,7eae20a3-d233-11f0-8ce9-0050564c5b43,,app
7229b660-bda0-11f0-be7f-0050564c5b43,2fc8a447-1a2e-408f-99da-b9cf17af7458,6cb24b8e-b1c4-11ef-b620-0242ac110002,passed,2025-11-09 19:15:25,7eae20a3-d233-11f0-8ce9-0050564c5b43,,app
722fa59c-a376-11f0-818f-0050564c5b43,3d3cac78-13af-4a2e-84c1-dc2e6a83eeee,010e253a-0be3-11f0-9250-0050564c5b43,not-passed,2025-10-07 12:09:16,7eae20a3-d233-11f0-8ce9-0050564c5b43,,app
724f01d0-010c-11f1-9c6b-0050564c5b43,8f99a01b-ffff-2222-6666-567890123489,6cb24b8e-b1c4-11ef-b620-0242ac110002,passed,2026-02-03 14:27:19,7eae20a3-d233-11f0-8ce9-0050564c5b43,2027-07-23,feueron
72834e78-9a1e-11f0-818f-0050564c5b43,34ul1267-4444-9999-0000-123456789012,6cb486c8-b1c4-11ef-b620-0242ac110002,passed,2025-09-25 14:46:40,7eae20a3-d233-11f0-8ce9-0050564c5b43,,app
72a5221b-010e-11f1-9c6b-0050564c5b43,45vm2378-5555-aaaa-1111-234567890123,81bb552f-0b00-11f0-9250-0050564c5b43,passed,2026-02-03 14:41:38,7eae20a3-d233-11f0-8ce9-0050564c5b43,2026-06-01,feueron
72d55052-9a1b-11f0-818f-0050564c5b43,3a44b5c6-aaaa-dddd-1111-012345678934,6cb5eb2e-b1c4-11ef-b620-0242ac110002,passed,2025-09-25 14:25:12,7eae20a3-d233-11f0-8ce9-0050564c5b43,,app
7320e896-9734-11f0-818f-0050564c5b43,3d3cac78-13af-4a2e-84c1-dc2e6a83eeee,6cb33f49-b1c4-11ef-b620-0242ac110002,passed,2025-09-21 21:46:37,7eae20a3-d233-11f0-8ce9-0050564c5b43,,app
73675b11-f9d1-11f0-9c6b-0050564c5b43,45vm2378-5555-aaaa-1111-234567890123,81bb552f-0b00-11f0-9250-0050564c5b43,passed,2026-01-25 09:37:22,7eae20a3-d233-11f0-8ce9-0050564c5b43,2026-06-01,feueron
742ae367-b1cd-11ef-b620-0242ac110002,189i9045-8888-dddd-eeee-9012345678f0,6cb0cd30-b1c4-11ef-b620-0242ac110002,passed,2025-09-15 20:15:08,7eae20a3-d233-11f0-8ce9-0050564c5b43,,feueron
742aeb8b-b1cd-11ef-b620-0242ac110002,189i9045-8888-dddd-eeee-9012345678f0,6caa8267-b1c4-11ef-b620-0242ac110002,passed,2025-09-15 20:15:08,7eae20a3-d233-11f0-8ce9-0050564c5b43,,feueron
742aec85-b1cd-11ef-b620-0242ac110002,189i9045-8888-dddd-eeee-9012345678f0,6cb9eaba-b1c4-11ef-b620-0242ac110002,passed,2025-09-15 20:15:08,7eae20a3-d233-11f0-8ce9-0050564c5b43,,feueron
7499760c-f9cf-11f0-9c6b-0050564c5b43,7e88f90a-eeee-1111-5555-456789012378,81bb552f-0b00-11f0-9250-0050564c5b43,passed,2026-01-25 09:23:05,7eae20a3-d233-11f0-8ce9-0050564c5b43,2026-12-19,feueron
7532c74a-46f0-11f1-9c6b-0050564c5b43,2933a4b5-9999-cccc-0000-901234567823,6cb33f49-b1c4-11ef-b620-0242ac110002,passed,2026-05-03 13:03:19,7eae20a3-d233-11f0-8ce9-0050564c5b43,,app
755f2f55-de94-11f0-8ce9-0050564c5b43,b69e29c0-aa98-46b9-9c61-9556cefc17d3,81bb552f-0b00-11f0-9250-0050564c5b43,passed,2025-12-21 17:42:45,7eae20a3-d233-11f0-8ce9-0050564c5b43,2026-11-30,app
75ca7c19-0820-11f1-9c6b-0050564c5b43,d4e03bf9-070f-4993-ac8e-86a806b03dfc,e4c9ae9c-0aff-11f0-9250-0050564c5b43,passed,2026-02-12 14:38:13,7eae20a3-d233-11f0-8ce9-0050564c5b43,2028-11-02,feueron
75d4cf70-e766-11f0-8ce9-0050564c5b43,6d77e8f9-dddd-0000-4444-345678901267,4d1593a6-32a2-11f0-a302-0050564c5b43,passed,2026-01-01 23:06:09,7eae20a3-d233-11f0-8ce9-0050564c5b43,2030-07-07,feueron
75dd2873-9a1e-11f0-818f-0050564c5b43,34ul1267-4444-9999-0000-123456789012,010e253a-0be3-11f0-9250-0050564c5b43,passed,2025-09-25 14:46:46,7eae20a3-d233-11f0-8ce9-0050564c5b43,,app
75deac18-0820-11f1-9c6b-0050564c5b43,d4e03bf9-070f-4993-ac8e-86a806b03dfc,81cbff32-0b00-11f0-9250-0050564c5b43,passed,2026-02-12 14:38:13,7eae20a3-d233-11f0-8ce9-0050564c5b43,2026-11-18,feueron
75f2a215-e766-11f0-8ce9-0050564c5b43,6d77e8f9-dddd-0000-4444-345678901267,81cbff32-0b00-11f0-9250-0050564c5b43,passed,2026-01-01 23:06:09,7eae20a3-d233-11f0-8ce9-0050564c5b43,,feueron
75f2ad72-0820-11f1-9c6b-0050564c5b43,d4e03bf9-070f-4993-ac8e-86a806b03dfc,81bb552f-0b00-11f0-9250-0050564c5b43,passed,2026-02-12 14:38:13,7eae20a3-d233-11f0-8ce9-0050564c5b43,2026-04-28,feueron
7607656a-e766-11f0-8ce9-0050564c5b43,6d77e8f9-dddd-0000-4444-345678901267,e4c9ae9c-0aff-11f0-9250-0050564c5b43,passed,2026-01-01 23:06:10,7eae20a3-d233-11f0-8ce9-0050564c5b43,2022-12-31,feueron
76866c3a-0822-11f1-9c6b-0050564c5b43,189i9045-8888-dddd-eeee-9012345678f0,6ca6a4d8-b1c4-11ef-b620-0242ac110002,passed,2026-02-12 14:52:33,7eae20a3-d233-11f0-8ce9-0050564c5b43,2024-06-17,feueron
769bf995-0822-11f1-9c6b-0050564c5b43,189i9045-8888-dddd-eeee-9012345678f0,81bb552f-0b00-11f0-9250-0050564c5b43,passed,2026-02-12 14:52:33,7eae20a3-d233-11f0-8ce9-0050564c5b43,2026-12-24,feueron
76aab143-3659-11f1-9c6b-0050564c5b43,2fc8a447-1a2e-408f-99da-b9cf17af7458,81b428dd-0b00-11f0-9250-0050564c5b43,passed,2026-04-12 10:22:09,7eae20a3-d233-11f0-8ce9-0050564c5b43,2027-03-08,feueron
76daef3e-b1c9-11ef-b620-0242ac110002,d4e03bf9-070f-4993-ac8e-86a806b03dfc,6cb9eaba-b1c4-11ef-b620-0242ac110002,passed,2025-09-15 20:15:08,7eae20a3-d233-11f0-8ce9-0050564c5b43,,feueron
76dafa27-b1c9-11ef-b620-0242ac110002,d4e03bf9-070f-4993-ac8e-86a806b03dfc,6caa8267-b1c4-11ef-b620-0242ac110002,passed,2025-09-15 20:15:08,7eae20a3-d233-11f0-8ce9-0050564c5b43,,feueron
76dafaeb-b1c9-11ef-b620-0242ac110002,d4e03bf9-070f-4993-ac8e-86a806b03dfc,6ca7e067-b1c4-11ef-b620-0242ac110002,passed,2025-09-15 20:15:08,7eae20a3-d233-11f0-8ce9-0050564c5b43,,feueron
76eb2769-957b-11f0-818f-0050564c5b43,12sj9045-2222-7777-8888-901234567890,6ca7e067-b1c4-11ef-b620-0242ac110002,passed,2025-09-19 17:09:55,7eae20a3-d233-11f0-8ce9-0050564c5b43,,feueron
77066b4e-b1d6-11ef-b620-0242ac110002,3abk1267-aaaa-ffff-0000-123456789012,6ca7e067-b1c4-11ef-b620-0242ac110002,passed,2025-09-15 20:15:08,7eae20a3-d233-11f0-8ce9-0050564c5b43,,feueron
77067286-b1d6-11ef-b620-0242ac110002,3abk1267-aaaa-ffff-0000-123456789012,6caa8267-b1c4-11ef-b620-0242ac110002,passed,2025-09-15 20:15:08,7eae20a3-d233-11f0-8ce9-0050564c5b43,,feueron
77067356-b1d6-11ef-b620-0242ac110002,3abk1267-aaaa-ffff-0000-123456789012,6cb5eb2e-b1c4-11ef-b620-0242ac110002,passed,2025-09-15 20:15:08,7eae20a3-d233-11f0-8ce9-0050564c5b43,,feueron
7706b2ed-b1d6-11ef-b620-0242ac110002,3abk1267-aaaa-ffff-0000-123456789012,6cb33f49-b1c4-11ef-b620-0242ac110002,passed,2025-09-15 20:15:08,7eae20a3-d233-11f0-8ce9-0050564c5b43,,feueron
7706b596-b1d6-11ef-b620-0242ac110002,3abk1267-aaaa-ffff-0000-123456789012,6cb9eaba-b1c4-11ef-b620-0242ac110002,passed,2025-09-15 20:15:08,7eae20a3-d233-11f0-8ce9-0050564c5b43,,feueron
7706b6de-b1d6-11ef-b620-0242ac110002,3abk1267-aaaa-ffff-0000-123456789012,6ca9021d-b1c4-11ef-b620-0242ac110002,passed,2025-09-15 20:15:08,7eae20a3-d233-11f0-8ce9-0050564c5b43,,feueron
770cec93-949c-11f0-879b-0050564c5b43,3d3cac78-13af-4a2e-84c1-dc2e6a83eeee,6cb9eaba-b1c4-11ef-b620-0242ac110002,passed,2025-09-18 14:33:37,7eae20a3-d233-11f0-8ce9-0050564c5b43,2025-08-05,app
7736163d-e892-11f0-8ce9-0050564c5b43,23due0156-dddd-2222-9999-01234567890,e4c9ae9c-0aff-11f0-9250-0050564c5b43,passed,2026-01-03 10:53:40,7eae20a3-d233-11f0-8ce9-0050564c5b43,2028-10-14,feueron
77458e93-9924-11f0-818f-0050564c5b43,34ul1267-4444-9999-0000-123456789012,81cbff32-0b00-11f0-9250-0050564c5b43,passed,2025-09-24 08:57:14,7eae20a3-d233-11f0-8ce9-0050564c5b43,2024-03-21,feueron
777d2a7e-9924-11f0-818f-0050564c5b43,34ul1267-4444-9999-0000-123456789012,81b428dd-0b00-11f0-9250-0050564c5b43,passed,2025-09-24 08:57:15,7eae20a3-d233-11f0-8ce9-0050564c5b43,2026-06-09,feueron
77fba7e7-3652-11f1-9c6b-0050564c5b43,e01acdb7-36a7-4c26-8009-4a72e3143ec8,81bb552f-0b00-11f0-9250-0050564c5b43,passed,2026-04-12 09:32:05,7eae20a3-d233-11f0-8ce9-0050564c5b43,2027-03-23,feueron
7819ffc5-010a-11f1-9c6b-0050564c5b43,d4e03bf9-070f-4993-ac8e-86a806b03dfc,e4c9ae9c-0aff-11f0-9250-0050564c5b43,passed,2026-02-03 14:13:10,7eae20a3-d233-11f0-8ce9-0050564c5b43,2028-11-01,feueron
78414621-e892-11f0-8ce9-0050564c5b43,23due0156-dddd-2222-9999-01234567890,81bb552f-0b00-11f0-9250-0050564c5b43,passed,2026-01-03 10:53:42,7eae20a3-d233-11f0-8ce9-0050564c5b43,2026-12-23,feueron
78640e9c-010a-11f1-9c6b-0050564c5b43,d4e03bf9-070f-4993-ac8e-86a806b03dfc,81cbff32-0b00-11f0-9250-0050564c5b43,passed,2026-02-03 14:13:10,7eae20a3-d233-11f0-8ce9-0050564c5b43,2026-11-17,feueron
788add88-9923-11f0-818f-0050564c5b43,e55f6071-5555-8888-cccc-5678901234ef,81cbff32-0b00-11f0-9250-0050564c5b43,passed,2025-09-24 08:50:07,7eae20a3-d233-11f0-8ce9-0050564c5b43,2025-12-03,feueron
78a4ce1a-f9d0-11f0-9c6b-0050564c5b43,b53adffe-4975-45ff-a03e-f68e19d03187,6cb8662d-b1c4-11ef-b620-0242ac110002,passed,2026-01-25 09:30:21,7eae20a3-d233-11f0-8ce9-0050564c5b43,,feueron
78adbbd9-010a-11f1-9c6b-0050564c5b43,d4e03bf9-070f-4993-ac8e-86a806b03dfc,81bb552f-0b00-11f0-9250-0050564c5b43,passed,2026-02-03 14:13:10,7eae20a3-d233-11f0-8ce9-0050564c5b43,2026-04-27,feueron
78d4aa2a-9923-11f0-818f-0050564c5b43,e55f6071-5555-8888-cccc-5678901234ef,81b428dd-0b00-11f0-9250-0050564c5b43,passed,2025-09-24 08:50:07,7eae20a3-d233-11f0-8ce9-0050564c5b43,2026-06-20,feueron
78ee49bc-f9d0-11f0-9c6b-0050564c5b43,b53adffe-4975-45ff-a03e-f68e19d03187,6ca36e9f-b1c4-11ef-b620-0242ac110002,passed,2026-01-25 09:30:22,7eae20a3-d233-11f0-8ce9-0050564c5b43,,feueron
7900ba23-9923-11f0-818f-0050564c5b43,e55f6071-5555-8888-cccc-5678901234ef,81b428dd-0b00-11f0-9250-0050564c5b43,passed,2025-09-24 08:50:08,7eae20a3-d233-11f0-8ce9-0050564c5b43,2026-06-27,feueron
79154053-bda3-11f0-be7f-0050564c5b43,45vm2378-5555-aaaa-1111-234567890123,d5f7e46b-bd94-11f0-be7f-0050564c5b43,passed,2025-11-09 19:37:05,7eae20a3-d233-11f0-8ce9-0050564c5b43,,app
7937bddc-f9d0-11f0-9c6b-0050564c5b43,b53adffe-4975-45ff-a03e-f68e19d03187,6cb33f49-b1c4-11ef-b620-0242ac110002,passed,2026-01-25 09:30:22,7eae20a3-d233-11f0-8ce9-0050564c5b43,,feueron
79814c96-f9d0-11f0-9c6b-0050564c5b43,b53adffe-4975-45ff-a03e-f68e19d03187,6caa8267-b1c4-11ef-b620-0242ac110002,passed,2026-01-25 09:30:23,7eae20a3-d233-11f0-8ce9-0050564c5b43,,feueron
79ada033-9923-11f0-818f-0050564c5b43,e55f6071-5555-8888-cccc-5678901234ef,896a89a8-98d9-11f0-818f-0050564c5b43,passed,2025-09-24 08:50:09,7eae20a3-d233-11f0-8ce9-0050564c5b43,2030-08-23,feueron
79bd9ede-cab4-11f0-8ce9-0050564c5b43,56wn3489-6666-bbbb-2222-345678901234,6cb8662d-b1c4-11ef-b620-0242ac110002,passed,2025-11-26 10:41:33,7eae20a3-d233-11f0-8ce9-0050564c5b43,,feueron
79ca9f7b-f9d0-11f0-9c6b-0050564c5b43,b53adffe-4975-45ff-a03e-f68e19d03187,6ca6a4d8-b1c4-11ef-b620-0242ac110002,passed,2026-01-25 09:30:23,7eae20a3-d233-11f0-8ce9-0050564c5b43,,feueron
7a2fdefc-e893-11f0-8ce9-0050564c5b43,34ul1267-4444-9999-0000-123456789012,e4c9ae9c-0aff-11f0-9250-0050564c5b43,passed,2026-01-03 11:00:55,7eae20a3-d233-11f0-8ce9-0050564c5b43,2026-12-09,feueron
7a3f8a66-27af-11f0-a302-0050564c5b43,c34de45f-3333-6666-aaaa-9012345678cd,6caa8267-b1c4-11ef-b620-0242ac110002,passed,2025-09-15 20:15:08,7eae20a3-d233-11f0-8ce9-0050564c5b43,,feueron
7a472348-27af-11f0-a302-0050564c5b43,c34de45f-3333-6666-aaaa-9012345678cd,6cb9eaba-b1c4-11ef-b620-0242ac110002,passed,2025-09-15 20:15:08,7eae20a3-d233-11f0-8ce9-0050564c5b43,,feueron
7a7c8a26-e893-11f0-8ce9-0050564c5b43,34ul1267-4444-9999-0000-123456789012,81cbff32-0b00-11f0-9250-0050564c5b43,passed,2026-01-03 11:00:55,7eae20a3-d233-11f0-8ce9-0050564c5b43,2026-10-06,feueron
7abf42a1-2c40-11f1-9c6b-0050564c5b43,7e88f90a-eeee-1111-5555-456789012378,81b428dd-0b00-11f0-9250-0050564c5b43,passed,2026-03-30 13:58:06,7eae20a3-d233-11f0-8ce9-0050564c5b43,2027-02-02,feueron
7ac8e6b6-e893-11f0-8ce9-0050564c5b43,34ul1267-4444-9999-0000-123456789012,81bb552f-0b00-11f0-9250-0050564c5b43,passed,2026-01-03 11:00:56,7eae20a3-d233-11f0-8ce9-0050564c5b43,2026-11-27,feueron
7b81c538-e893-11f0-8ce9-0050564c5b43,34ul1267-4444-9999-0000-123456789012,4d1593a6-32a2-11f0-a302-0050564c5b43,passed,2026-01-03 11:00:57,7eae20a3-d233-11f0-8ce9-0050564c5b43,2021-02-09,feueron
7bc9ede4-e892-11f0-8ce9-0050564c5b43,e5481491-1445-4af8-bf56-c7aeeff3cde0,81b428dd-0b00-11f0-9250-0050564c5b43,passed,2026-01-03 10:53:48,7eae20a3-d233-11f0-8ce9-0050564c5b43,2026-10-26,feueron
7bcc9aaf-9924-11f0-818f-0050564c5b43,45vm2378-5555-aaaa-1111-234567890123,81cbff32-0b00-11f0-9250-0050564c5b43,passed,2025-09-24 08:57:22,7eae20a3-d233-11f0-8ce9-0050564c5b43,2026-06-10,feueron
7c03030c-9924-11f0-818f-0050564c5b43,45vm2378-5555-aaaa-1111-234567890123,e4c9ae9c-0aff-11f0-9250-0050564c5b43,passed,2025-09-24 08:57:22,7eae20a3-d233-11f0-8ce9-0050564c5b43,2028-05-04,feueron
7c08d849-b1c9-11ef-b620-0242ac110002,8e805e1e-6ff0-4959-abf3-85b2fc802f46,6ca6a4d8-b1c4-11ef-b620-0242ac110002,passed,2025-09-15 20:15:08,7eae20a3-d233-11f0-8ce9-0050564c5b43,,feueron
7c08dde5-b1c9-11ef-b620-0242ac110002,8e805e1e-6ff0-4959-abf3-85b2fc802f46,6cb9eaba-b1c4-11ef-b620-0242ac110002,passed,2025-09-15 20:15:08,7eae20a3-d233-11f0-8ce9-0050564c5b43,,feueron
7c08dea9-b1c9-11ef-b620-0242ac110002,8e805e1e-6ff0-4959-abf3-85b2fc802f46,6ca9021d-b1c4-11ef-b620-0242ac110002,passed,2025-09-15 20:15:08,7eae20a3-d233-11f0-8ce9-0050564c5b43,,feueron
7c08dfb5-b1c9-11ef-b620-0242ac110002,8e805e1e-6ff0-4959-abf3-85b2fc802f46,6caa8267-b1c4-11ef-b620-0242ac110002,passed,2025-09-15 20:15:08,7eae20a3-d233-11f0-8ce9-0050564c5b43,,feueron
7c13d347-e892-11f0-8ce9-0050564c5b43,e5481491-1445-4af8-bf56-c7aeeff3cde0,81cbff32-0b00-11f0-9250-0050564c5b43,passed,2026-01-03 10:53:49,7eae20a3-d233-11f0-8ce9-0050564c5b43,2026-11-17,feueron
7c5db697-e892-11f0-8ce9-0050564c5b43,e5481491-1445-4af8-bf56-c7aeeff3cde0,81bb552f-0b00-11f0-9250-0050564c5b43,passed,2026-01-03 10:53:49,7eae20a3-d233-11f0-8ce9-0050564c5b43,2026-12-19,feueron
7ca1eb28-0b07-11f0-9250-0050564c5b43,ca3a6c54-fb42-4be7-a39e-906b274c91ad,81bb552f-0b00-11f0-9250-0050564c5b43,passed,2025-09-15 20:15:08,7eae20a3-d233-11f0-8ce9-0050564c5b43,2024-11-06,app
7ca1f21f-0b07-11f0-9250-0050564c5b43,ca3a6c54-fb42-4be7-a39e-906b274c91ad,e4c9ae9c-0aff-11f0-9250-0050564c5b43,passed,2025-09-15 20:15:08,7eae20a3-d233-11f0-8ce9-0050564c5b43,2025-11-04,app
7ca1f90a-0b07-11f0-9250-0050564c5b43,ca3a6c54-fb42-4be7-a39e-906b274c91ad,81c11937-0b00-11f0-9250-0050564c5b43,passed,2025-09-15 20:15:08,7eae20a3-d233-11f0-8ce9-0050564c5b43,2024-04-18,app
7ca2021b-0b07-11f0-9250-0050564c5b43,ca3a6c54-fb42-4be7-a39e-906b274c91ad,81b428dd-0b00-11f0-9250-0050564c5b43,passed,2025-09-15 20:15:08,7eae20a3-d233-11f0-8ce9-0050564c5b43,2024-01-23,app
7cfd0ea5-b1d6-11ef-b620-0242ac110002,4bcl2378-bbbb-0000-1111-234567890123,6ca7e067-b1c4-11ef-b620-0242ac110002,passed,2025-09-15 20:15:08,7eae20a3-d233-11f0-8ce9-0050564c5b43,,feueron
7cfd1400-b1d6-11ef-b620-0242ac110002,4bcl2378-bbbb-0000-1111-234567890123,6cb8662d-b1c4-11ef-b620-0242ac110002,passed,2025-09-15 20:15:08,7eae20a3-d233-11f0-8ce9-0050564c5b43,,feueron
7cfd4ba0-b1d6-11ef-b620-0242ac110002,4bcl2378-bbbb-0000-1111-234567890123,6caa8267-b1c4-11ef-b620-0242ac110002,passed,2025-09-15 20:15:08,7eae20a3-d233-11f0-8ce9-0050564c5b43,,feueron
7cfd4ca8-b1d6-11ef-b620-0242ac110002,4bcl2378-bbbb-0000-1111-234567890123,6cb5eb2e-b1c4-11ef-b620-0242ac110002,passed,2025-09-15 20:15:08,7eae20a3-d233-11f0-8ce9-0050564c5b43,,feueron
7cfd4d5f-b1d6-11ef-b620-0242ac110002,4bcl2378-bbbb-0000-1111-234567890123,6cb33f49-b1c4-11ef-b620-0242ac110002,passed,2025-09-15 20:15:08,7eae20a3-d233-11f0-8ce9-0050564c5b43,,feueron
7cfd4e16-b1d6-11ef-b620-0242ac110002,4bcl2378-bbbb-0000-1111-234567890123,6cb9eaba-b1c4-11ef-b620-0242ac110002,passed,2025-09-15 20:15:08,7eae20a3-d233-11f0-8ce9-0050564c5b43,,feueron
7cfd4ec5-b1d6-11ef-b620-0242ac110002,4bcl2378-bbbb-0000-1111-234567890123,6ca9021d-b1c4-11ef-b620-0242ac110002,passed,2025-09-15 20:15:08,7eae20a3-d233-11f0-8ce9-0050564c5b43,,feueron
7d42c42d-9923-11f0-818f-0050564c5b43,f6607182-6666-9999-dddd-6789012345f0,81cbff32-0b00-11f0-9250-0050564c5b43,passed,2025-09-24 08:50:15,7eae20a3-d233-11f0-8ce9-0050564c5b43,2026-02-18,feueron
7d996c4e-f9cd-11f0-9c6b-0050564c5b43,d4e03bf9-070f-4993-ac8e-86a806b03dfc,e4c9ae9c-0aff-11f0-9250-0050564c5b43,passed,2026-01-25 09:09:01,7eae20a3-d233-11f0-8ce9-0050564c5b43,2028-11-01,feueron
7de20c71-f9cd-11f0-9c6b-0050564c5b43,d4e03bf9-070f-4993-ac8e-86a806b03dfc,81cbff32-0b00-11f0-9250-0050564c5b43,passed,2026-01-25 09:09:02,7eae20a3-d233-11f0-8ce9-0050564c5b43,2026-11-17,feueron
7dead958-f9d0-11f0-9c6b-0050564c5b43,b53adffe-4975-45ff-a03e-f68e19d03187,e4c9ae9c-0aff-11f0-9250-0050564c5b43,passed,2026-01-25 09:30:30,7eae20a3-d233-11f0-8ce9-0050564c5b43,2026-01-23,feueron
7e2ab46c-f9cd-11f0-9c6b-0050564c5b43,d4e03bf9-070f-4993-ac8e-86a806b03dfc,81bb552f-0b00-11f0-9250-0050564c5b43,passed,2026-01-25 09:09:02,7eae20a3-d233-11f0-8ce9-0050564c5b43,2026-04-27,feueron
7e3424d2-f9d0-11f0-9c6b-0050564c5b43,b53adffe-4975-45ff-a03e-f68e19d03187,81b428dd-0b00-11f0-9250-0050564c5b43,passed,2026-01-25 09:30:31,7eae20a3-d233-11f0-8ce9-0050564c5b43,2026-03-08,feueron
7e854910-27ae-11f0-a302-0050564c5b43,2fc8a447-1a2e-408f-99da-b9cf17af7458,b3d855bf-0bc5-11f0-9250-0050564c5b43,passed,2025-09-15 20:15:08,7eae20a3-d233-11f0-8ce9-0050564c5b43,,feueron
7eaf8c7d-9948-11f0-818f-0050564c5b43,c65b3343-e4f0-43e1-8575-1c38e5549386,6cb24b8e-b1c4-11ef-b620-0242ac110002,passed,2025-09-24 13:15:08,7eae20a3-d233-11f0-8ce9-0050564c5b43,2029-04-07,feueron
7ecdf6e0-27af-11f0-a302-0050564c5b43,d45ef560-4444-7777-bbbb-0123456789de,b3d855bf-0bc5-11f0-9250-0050564c5b43,passed,2025-09-15 20:15:08,7eae20a3-d233-11f0-8ce9-0050564c5b43,,feueron
7ef40e1f-f9cf-11f0-9c6b-0050564c5b43,8f99a01b-ffff-2222-6666-567890123489,6cb24b8e-b1c4-11ef-b620-0242ac110002,passed,2026-01-25 09:23:23,7eae20a3-d233-11f0-8ce9-0050564c5b43,2027-07-23,feueron
7ef57b6d-e893-11f0-8ce9-0050564c5b43,45vm2378-5555-aaaa-1111-234567890123,81bb552f-0b00-11f0-9250-0050564c5b43,passed,2026-01-03 11:01:03,7eae20a3-d233-11f0-8ce9-0050564c5b43,2026-06-01,feueron
7f0d9049-0109-11f1-9c6b-0050564c5b43,b69e29c0-aa98-46b9-9c61-9556cefc17d3,81b428dd-0b00-11f0-9250-0050564c5b43,passed,2026-02-03 14:06:12,7eae20a3-d233-11f0-8ce9-0050564c5b43,2026-11-30,feueron
7f3ce9cc-f9d0-11f0-9c6b-0050564c5b43,b53adffe-4975-45ff-a03e-f68e19d03187,81cbff32-0b00-11f0-9250-0050564c5b43,passed,2026-01-25 09:30:33,7eae20a3-d233-11f0-8ce9-0050564c5b43,2026-10-11,feueron
7f3d8578-0b07-11f0-9250-0050564c5b43,a5bb430e-2a77-4fc6-8e14-8212690884a7,e4c9ae9c-0aff-11f0-9250-0050564c5b43,passed,2025-09-15 20:15:08,7eae20a3-d233-11f0-8ce9-0050564c5b43,,feueron
7f4172bc-2c40-11f1-9c6b-0050564c5b43,143e28f5-a324-4cf2-ba7e-a4a9eabdb1ad,6ca6a4d8-b1c4-11ef-b620-0242ac110002,passed,2026-03-30 13:58:13,7eae20a3-d233-11f0-8ce9-0050564c5b43,2024-09-20,feueron
7f4b1fa9-0821-11f1-9c6b-0050564c5b43,182293a4-8888-bbbb-ffff-890123456712,81b428dd-0b00-11f0-9250-0050564c5b43,passed,2026-02-12 14:45:38,7eae20a3-d233-11f0-8ce9-0050564c5b43,2026-10-27,feueron
7f6c21db-0821-11f1-9c6b-0050564c5b43,182293a4-8888-bbbb-ffff-890123456712,81bb552f-0b00-11f0-9250-0050564c5b43,passed,2026-02-12 14:45:38,7eae20a3-d233-11f0-8ce9-0050564c5b43,2026-05-17,feueron
7f72bb57-0109-11f1-9c6b-0050564c5b43,b69e29c0-aa98-46b9-9c61-9556cefc17d3,81cbff32-0b00-11f0-9250-0050564c5b43,passed,2026-02-03 14:06:12,7eae20a3-d233-11f0-8ce9-0050564c5b43,2026-11-24,feueron
7f863ed9-f9d0-11f0-9c6b-0050564c5b43,b53adffe-4975-45ff-a03e-f68e19d03187,81bb552f-0b00-11f0-9250-0050564c5b43,passed,2026-01-25 09:30:33,7eae20a3-d233-11f0-8ce9-0050564c5b43,2026-12-21,feueron
7fbadf76-0109-11f1-9c6b-0050564c5b43,b69e29c0-aa98-46b9-9c61-9556cefc17d3,81bb552f-0b00-11f0-9250-0050564c5b43,passed,2026-02-03 14:06:13,7eae20a3-d233-11f0-8ce9-0050564c5b43,2026-12-19,feueron
7fff2e7d-0b07-11f0-9250-0050564c5b43,3d3cac78-13af-4a2e-84c1-dc2e6a83eeee,81b428dd-0b00-11f0-9250-0050564c5b43,passed,2025-09-15 20:15:08,7eae20a3-d233-11f0-8ce9-0050564c5b43,2025-11-08,app
7fff4497-0b07-11f0-9250-0050564c5b43,3d3cac78-13af-4a2e-84c1-dc2e6a83eeee,e4c9ae9c-0aff-11f0-9250-0050564c5b43,passed,2025-09-15 20:15:08,7eae20a3-d233-11f0-8ce9-0050564c5b43,2027-01-30,app
80024258-0b07-11f0-9250-0050564c5b43,3d3cac78-13af-4a2e-84c1-dc2e6a83eeee,81bb552f-0b00-11f0-9250-0050564c5b43,passed,2025-09-15 20:15:08,7eae20a3-d233-11f0-8ce9-0050564c5b43,2026-02-21,app
801789db-0822-11f1-9c6b-0050564c5b43,b53adffe-4975-45ff-a03e-f68e19d03187,e4c9ae9c-0aff-11f0-9250-0050564c5b43,passed,2026-02-12 14:52:49,7eae20a3-d233-11f0-8ce9-0050564c5b43,2026-01-24,feueron
802d9423-0822-11f1-9c6b-0050564c5b43,b53adffe-4975-45ff-a03e-f68e19d03187,81b428dd-0b00-11f0-9250-0050564c5b43,passed,2026-02-12 14:52:49,7eae20a3-d233-11f0-8ce9-0050564c5b43,2026-03-09,feueron
8043421f-0822-11f1-9c6b-0050564c5b43,b53adffe-4975-45ff-a03e-f68e19d03187,81cbff32-0b00-11f0-9250-0050564c5b43,passed,2026-02-12 14:52:49,7eae20a3-d233-11f0-8ce9-0050564c5b43,2026-10-12,feueron
8059008e-0822-11f1-9c6b-0050564c5b43,b53adffe-4975-45ff-a03e-f68e19d03187,81bb552f-0b00-11f0-9250-0050564c5b43,passed,2026-02-12 14:52:49,7eae20a3-d233-11f0-8ce9-0050564c5b43,2026-12-22,feueron
80acc106-b1c9-11ef-b620-0242ac110002,1f776d97-8be9-41bc-8d11-4e40ff0e902d,6cb5eb2e-b1c4-11ef-b620-0242ac110002,passed,2025-09-15 20:15:08,7eae20a3-d233-11f0-8ce9-0050564c5b43,,feueron
80acc403-b1c9-11ef-b620-0242ac110002,1f776d97-8be9-41bc-8d11-4e40ff0e902d,6ca6a4d8-b1c4-11ef-b620-0242ac110002,passed,2025-09-15 20:15:08,7eae20a3-d233-11f0-8ce9-0050564c5b43,,feueron
80acc46e-b1c9-11ef-b620-0242ac110002,1f776d97-8be9-41bc-8d11-4e40ff0e902d,6cb9eaba-b1c4-11ef-b620-0242ac110002,passed,2025-09-15 20:15:08,7eae20a3-d233-11f0-8ce9-0050564c5b43,,feueron
80ad02b7-b1c9-11ef-b620-0242ac110002,1f776d97-8be9-41bc-8d11-4e40ff0e902d,6ca9021d-b1c4-11ef-b620-0242ac110002,passed,2025-09-15 20:15:08,7eae20a3-d233-11f0-8ce9-0050564c5b43,,feueron
80ad046d-b1c9-11ef-b620-0242ac110002,1f776d97-8be9-41bc-8d11-4e40ff0e902d,6caa8267-b1c4-11ef-b620-0242ac110002,passed,2025-09-15 20:15:08,7eae20a3-d233-11f0-8ce9-0050564c5b43,,feueron
80ce699f-010c-11f1-9c6b-0050564c5b43,143e28f5-a324-4cf2-ba7e-a4a9eabdb1ad,e4c9ae9c-0aff-11f0-9250-0050564c5b43,passed,2026-02-03 14:27:43,7eae20a3-d233-11f0-8ce9-0050564c5b43,2020-12-30,feueron
81774bc5-949c-11f0-879b-0050564c5b43,3d3cac78-13af-4a2e-84c1-dc2e6a83eeee,6cb9eaba-b1c4-11ef-b620-0242ac110002,passed,2025-09-18 14:33:55,7eae20a3-d233-11f0-8ce9-0050564c5b43,,app
819f4ee8-2c40-11f1-9c6b-0050564c5b43,901ab12c-0000-3333-7777-67890123459a,4d1593a6-32a2-11f0-a302-0050564c5b43,passed,2026-03-30 13:58:17,7eae20a3-d233-11f0-8ce9-0050564c5b43,2031-03-11,feueron
81bda86b-b1d6-11ef-b620-0242ac110002,5cdm3489-cccc-1111-2222-345678901234,6cb8662d-b1c4-11ef-b620-0242ac110002,passed,2025-09-15 20:15:08,7eae20a3-d233-11f0-8ce9-0050564c5b43,,feueron
81bdae29-b1d6-11ef-b620-0242ac110002,5cdm3489-cccc-1111-2222-345678901234,6caa8267-b1c4-11ef-b620-0242ac110002,passed,2025-09-15 20:15:08,7eae20a3-d233-11f0-8ce9-0050564c5b43,,feueron
81d9610d-e88f-11f0-8ce9-0050564c5b43,3594e183-54aa-4278-b3c6-07a24bdc2697,aaaf8d2f-98d9-11f0-818f-0050564c5b43,passed,2026-01-03 10:32:30,7eae20a3-d233-11f0-8ce9-0050564c5b43,,feueron
8231697b-0b07-11f0-9250-0050564c5b43,73d3950b-3c82-4f5c-bafc-8e41efcd1166,81b428dd-0b00-11f0-9250-0050564c5b43,passed,2025-09-15 20:15:08,7eae20a3-d233-11f0-8ce9-0050564c5b43,2024-11-17,app
82316da7-0b07-11f0-9250-0050564c5b43,73d3950b-3c82-4f5c-bafc-8e41efcd1166,81c11937-0b00-11f0-9250-0050564c5b43,passed,2025-09-15 20:15:08,7eae20a3-d233-11f0-8ce9-0050564c5b43,2024-09-18,app
8231e988-0b07-11f0-9250-0050564c5b43,73d3950b-3c82-4f5c-bafc-8e41efcd1166,81bb552f-0b00-11f0-9250-0050564c5b43,passed,2025-09-15 20:15:08,7eae20a3-d233-11f0-8ce9-0050564c5b43,2025-05-06,app
8233b807-0b07-11f0-9250-0050564c5b43,73d3950b-3c82-4f5c-bafc-8e41efcd1166,e4c9ae9c-0aff-11f0-9250-0050564c5b43,passed,2025-09-15 20:15:08,7eae20a3-d233-11f0-8ce9-0050564c5b43,2024-01-22,app
82740589-94b3-11f0-879b-0050564c5b43,3d3cac78-13af-4a2e-84c1-dc2e6a83eeee,6caa8267-b1c4-11ef-b620-0242ac110002,passed,2025-09-18 17:18:34,7eae20a3-d233-11f0-8ce9-0050564c5b43,,app
83963f1d-1194-11f1-9c6b-0050564c5b43,b22c3d4e-2222-5555-9999-2345678901bc,b3d855bf-0bc5-11f0-9250-0050564c5b43,passed,2026-02-24 15:21:38,7eae20a3-d233-11f0-8ce9-0050564c5b43,,feueron
83de9c13-cabe-11f0-8ce9-0050564c5b43,5c66d7e8-cccc-ffff-3333-234567890156,b3d855bf-0bc5-11f0-9250-0050564c5b43,passed,2025-11-26 11:53:25,7eae20a3-d233-11f0-8ce9-0050564c5b43,,feueron
83e1c311-e893-11f0-8ce9-0050564c5b43,2fc8a447-1a2e-408f-99da-b9cf17af7458,81cbff32-0b00-11f0-9250-0050564c5b43,passed,2026-01-03 11:01:11,7eae20a3-d233-11f0-8ce9-0050564c5b43,2026-07-27,feueron
84273ed4-9a1c-11f0-818f-0050564c5b43,8f99a01b-ffff-2222-6666-567890123489,6cb5eb2e-b1c4-11ef-b620-0242ac110002,passed,2025-09-25 14:32:51,7eae20a3-d233-11f0-8ce9-0050564c5b43,,app
8481181f-9924-11f0-818f-0050564c5b43,2fc8a447-1a2e-408f-99da-b9cf17af7458,81cbff32-0b00-11f0-9250-0050564c5b43,passed,2025-09-24 08:57:36,7eae20a3-d233-11f0-8ce9-0050564c5b43,2019-11-24,feueron
84a84145-9924-11f0-818f-0050564c5b43,2fc8a447-1a2e-408f-99da-b9cf17af7458,e4c9ae9c-0aff-11f0-9250-0050564c5b43,passed,2025-09-24 08:57:37,7eae20a3-d233-11f0-8ce9-0050564c5b43,2028-02-09,feueron
84cc2418-9924-11f0-818f-0050564c5b43,2fc8a447-1a2e-408f-99da-b9cf17af7458,81b428dd-0b00-11f0-9250-0050564c5b43,passed,2025-09-24 08:57:37,7eae20a3-d233-11f0-8ce9-0050564c5b43,2026-06-09,feueron
84ea0f7e-9924-11f0-818f-0050564c5b43,2fc8a447-1a2e-408f-99da-b9cf17af7458,6cb33f49-b1c4-11ef-b620-0242ac110002,passed,2025-09-24 08:57:37,7eae20a3-d233-11f0-8ce9-0050564c5b43,,feueron
84ee7562-bda1-11f0-be7f-0050564c5b43,07118293-7777-aaaa-eeee-789012345601,6cb24b8e-b1c4-11ef-b620-0242ac110002,passed,2025-11-09 19:23:06,7eae20a3-d233-11f0-8ce9-0050564c5b43,,app
850583aa-e893-11f0-8ce9-0050564c5b43,2fc8a447-1a2e-408f-99da-b9cf17af7458,81bb552f-0b00-11f0-9250-0050564c5b43,passed,2026-01-03 11:01:13,7eae20a3-d233-11f0-8ce9-0050564c5b43,2026-12-20,feueron
85ab9c75-0b07-11f0-9250-0050564c5b43,63a16d7d-db4f-4e2c-977d-3c384b92b6fa,81bb552f-0b00-11f0-9250-0050564c5b43,passed,2025-09-15 20:15:08,7eae20a3-d233-11f0-8ce9-0050564c5b43,2024-11-06,app
85abc478-0b07-11f0-9250-0050564c5b43,63a16d7d-db4f-4e2c-977d-3c384b92b6fa,81b428dd-0b00-11f0-9250-0050564c5b43,passed,2025-09-15 20:15:08,7eae20a3-d233-11f0-8ce9-0050564c5b43,2024-01-23,app
85ae9b88-0b07-11f0-9250-0050564c5b43,63a16d7d-db4f-4e2c-977d-3c384b92b6fa,e4c9ae9c-0aff-11f0-9250-0050564c5b43,passed,2025-09-15 20:15:08,7eae20a3-d233-11f0-8ce9-0050564c5b43,2027-03-06,app
85aea07c-0b07-11f0-9250-0050564c5b43,63a16d7d-db4f-4e2c-977d-3c384b92b6fa,81c11937-0b00-11f0-9250-0050564c5b43,passed,2025-09-15 20:15:08,7eae20a3-d233-11f0-8ce9-0050564c5b43,2025-05-20,app
86401d80-9923-11f0-818f-0050564c5b43,07118293-7777-aaaa-eeee-789012345601,81cbff32-0b00-11f0-9250-0050564c5b43,passed,2025-09-24 08:50:30,7eae20a3-d233-11f0-8ce9-0050564c5b43,2025-07-09,feueron
86704555-94b3-11f0-879b-0050564c5b43,3d3cac78-13af-4a2e-84c1-dc2e6a83eeee,6caa8267-b1c4-11ef-b620-0242ac110002,passed,2025-09-18 17:18:41,7eae20a3-d233-11f0-8ce9-0050564c5b43,,app
86f1e01c-b1d6-11ef-b620-0242ac110002,6den4590-dddd-2222-3333-456789012345,6ca43f84-b1c4-11ef-b620-0242ac110002,passed,2025-09-15 20:15:08,7eae20a3-d233-11f0-8ce9-0050564c5b43,,feueron
86f1e462-b1d6-11ef-b620-0242ac110002,6den4590-dddd-2222-3333-456789012345,6ca7e067-b1c4-11ef-b620-0242ac110002,passed,2025-09-15 20:15:08,7eae20a3-d233-11f0-8ce9-0050564c5b43,,feueron
86f1e527-b1d6-11ef-b620-0242ac110002,6den4590-dddd-2222-3333-456789012345,6caa8267-b1c4-11ef-b620-0242ac110002,passed,2025-09-15 20:15:08,7eae20a3-d233-11f0-8ce9-0050564c5b43,,feueron
86f1e5ce-b1d6-11ef-b620-0242ac110002,6den4590-dddd-2222-3333-456789012345,6cac2e12-b1c4-11ef-b620-0242ac110002,passed,2025-09-15 20:15:08,7eae20a3-d233-11f0-8ce9-0050564c5b43,,feueron
86f1e66b-b1d6-11ef-b620-0242ac110002,6den4590-dddd-2222-3333-456789012345,6cb33f49-b1c4-11ef-b620-0242ac110002,passed,2025-09-15 20:15:08,7eae20a3-d233-11f0-8ce9-0050564c5b43,,feueron
86f1e70a-b1d6-11ef-b620-0242ac110002,6den4590-dddd-2222-3333-456789012345,6cb8662d-b1c4-11ef-b620-0242ac110002,passed,2025-09-15 20:15:08,7eae20a3-d233-11f0-8ce9-0050564c5b43,,feueron
86f33bd2-9923-11f0-818f-0050564c5b43,07118293-7777-aaaa-eeee-789012345601,aaaf8d2f-98d9-11f0-818f-0050564c5b43,passed,2025-09-24 08:50:31,7eae20a3-d233-11f0-8ce9-0050564c5b43,,feueron
878b48a7-9a1e-11f0-818f-0050564c5b43,34ul1267-4444-9999-0000-123456789012,6ca7e067-b1c4-11ef-b620-0242ac110002,passed,2025-09-25 14:47:16,7eae20a3-d233-11f0-8ce9-0050564c5b43,,app
87a384ed-27a7-11f0-a302-0050564c5b43,89zq6712-9999-eeee-5555-678901234567,b3d855bf-0bc5-11f0-9250-0050564c5b43,passed,2025-09-15 20:15:08,7eae20a3-d233-11f0-8ce9-0050564c5b43,,feueron
87bef229-0b07-11f0-9250-0050564c5b43,b22c3d4e-2222-5555-9999-2345678901bc,81c68f7d-0b00-11f0-9250-0050564c5b43,passed,2025-09-15 20:15:08,7eae20a3-d233-11f0-8ce9-0050564c5b43,2024-02-07,app
87befb15-0b07-11f0-9250-0050564c5b43,b22c3d4e-2222-5555-9999-2345678901bc,e4c9ae9c-0aff-11f0-9250-0050564c5b43,passed,2025-09-15 20:15:08,7eae20a3-d233-11f0-8ce9-0050564c5b43,2025-03-15,app
87bf0e6f-0b07-11f0-9250-0050564c5b43,b22c3d4e-2222-5555-9999-2345678901bc,81bb552f-0b00-11f0-9250-0050564c5b43,passed,2025-09-15 20:15:08,7eae20a3-d233-11f0-8ce9-0050564c5b43,2025-05-06,app
87bf30a2-0b07-11f0-9250-0050564c5b43,b22c3d4e-2222-5555-9999-2345678901bc,81b428dd-0b00-11f0-9250-0050564c5b43,passed,2025-09-15 20:15:08,7eae20a3-d233-11f0-8ce9-0050564c5b43,2026-02-10,app
87c5286f-0b07-11f0-9250-0050564c5b43,b22c3d4e-2222-5555-9999-2345678901bc,81c11937-0b00-11f0-9250-0050564c5b43,passed,2025-09-15 20:15:08,7eae20a3-d233-11f0-8ce9-0050564c5b43,2024-09-18,app
890f2994-0821-11f1-9c6b-0050564c5b43,2933a4b5-9999-cccc-0000-901234567823,81b428dd-0b00-11f0-9250-0050564c5b43,passed,2026-02-12 14:45:55,7eae20a3-d233-11f0-8ce9-0050564c5b43,2026-12-01,feueron
892b27da-0821-11f1-9c6b-0050564c5b43,2933a4b5-9999-cccc-0000-901234567823,81bb552f-0b00-11f0-9250-0050564c5b43,passed,2026-02-12 14:45:55,7eae20a3-d233-11f0-8ce9-0050564c5b43,2026-12-22,feueron
89688452-010e-11f1-9c6b-0050564c5b43,2fc8a447-1a2e-408f-99da-b9cf17af7458,81cbff32-0b00-11f0-9250-0050564c5b43,passed,2026-02-03 14:42:17,7eae20a3-d233-11f0-8ce9-0050564c5b43,2026-07-27,feueron
89b19dd2-010e-11f1-9c6b-0050564c5b43,2fc8a447-1a2e-408f-99da-b9cf17af7458,81bb552f-0b00-11f0-9250-0050564c5b43,passed,2026-02-03 14:42:17,7eae20a3-d233-11f0-8ce9-0050564c5b43,2026-12-20,feueron
89c60688-e893-11f0-8ce9-0050564c5b43,67xo4590-7777-cccc-3333-456789012345,81bb552f-0b00-11f0-9250-0050564c5b43,passed,2026-01-03 11:01:21,7eae20a3-d233-11f0-8ce9-0050564c5b43,2026-12-19,feueron
89d14487-f9cf-11f0-9c6b-0050564c5b43,143e28f5-a324-4cf2-ba7e-a4a9eabdb1ad,6cb9eaba-b1c4-11ef-b620-0242ac110002,passed,2026-01-25 09:23:41,7eae20a3-d233-11f0-8ce9-0050564c5b43,,feueron
8a1b1e88-f9cf-11f0-9c6b-0050564c5b43,143e28f5-a324-4cf2-ba7e-a4a9eabdb1ad,6ca6a4d8-b1c4-11ef-b620-0242ac110002,passed,2026-01-25 09:23:41,7eae20a3-d233-11f0-8ce9-0050564c5b43,,feueron
8a7fc0cf-e893-11f0-8ce9-0050564c5b43,67xo4590-7777-cccc-3333-456789012345,6ca6a4d8-b1c4-11ef-b620-0242ac110002,passed,2026-01-03 11:01:22,7eae20a3-d233-11f0-8ce9-0050564c5b43,,feueron
8ad3c54b-9a1e-11f0-818f-0050564c5b43,34ul1267-4444-9999-0000-123456789012,6cb0cd30-b1c4-11ef-b620-0242ac110002,passed,2025-09-25 14:47:21,7eae20a3-d233-11f0-8ce9-0050564c5b43,,app
8b4884b5-b1c9-11ef-b620-0242ac110002,6dced0d5-e236-41eb-bbcb-49a93c4de081,6cb5eb2e-b1c4-11ef-b620-0242ac110002,passed,2025-09-15 20:15:08,7eae20a3-d233-11f0-8ce9-0050564c5b43,,feueron
8b48923e-b1c9-11ef-b620-0242ac110002,6dced0d5-e236-41eb-bbcb-49a93c4de081,6cb9eaba-b1c4-11ef-b620-0242ac110002,passed,2025-09-15 20:15:08,7eae20a3-d233-11f0-8ce9-0050564c5b43,,feueron
8b4894aa-b1c9-11ef-b620-0242ac110002,6dced0d5-e236-41eb-bbcb-49a93c4de081,6ca9021d-b1c4-11ef-b620-0242ac110002,passed,2025-09-15 20:15:08,7eae20a3-d233-11f0-8ce9-0050564c5b43,,feueron
8b489594-b1c9-11ef-b620-0242ac110002,6dced0d5-e236-41eb-bbcb-49a93c4de081,6cb8662d-b1c4-11ef-b620-0242ac110002,passed,2025-09-15 20:15:08,7eae20a3-d233-11f0-8ce9-0050564c5b43,,feueron
8b489647-b1c9-11ef-b620-0242ac110002,6dced0d5-e236-41eb-bbcb-49a93c4de081,6caa8267-b1c4-11ef-b620-0242ac110002,passed,2025-09-15 20:15:08,7eae20a3-d233-11f0-8ce9-0050564c5b43,,feueron
8b4896ed-b1c9-11ef-b620-0242ac110002,6dced0d5-e236-41eb-bbcb-49a93c4de081,6cb33f49-b1c4-11ef-b620-0242ac110002,passed,2025-09-15 20:15:08,7eae20a3-d233-11f0-8ce9-0050564c5b43,,feueron
8b56564c-0b07-11f0-9250-0050564c5b43,c33d4e5f-3333-6666-aaaa-3456789012cd,e4c9ae9c-0aff-11f0-9250-0050564c5b43,passed,2025-09-15 20:15:08,7eae20a3-d233-11f0-8ce9-0050564c5b43,2024-08-17,app
8b659d60-2c40-11f1-9c6b-0050564c5b43,b23cd34e-2222-5555-9999-8901234567bc,81b428dd-0b00-11f0-9250-0050564c5b43,passed,2026-03-30 13:58:34,7eae20a3-d233-11f0-8ce9-0050564c5b43,2027-02-02,feueron
8b7b868b-2c40-11f1-9c6b-0050564c5b43,b23cd34e-2222-5555-9999-8901234567bc,81cbff32-0b00-11f0-9250-0050564c5b43,passed,2026-03-30 13:58:34,7eae20a3-d233-11f0-8ce9-0050564c5b43,2027-02-24,feueron
8c2e12bd-b1d6-11ef-b620-0242ac110002,7efo5601-eeee-3333-4444-567890123456,6cb0cd30-b1c4-11ef-b620-0242ac110002,passed,2025-09-15 20:15:08,7eae20a3-d233-11f0-8ce9-0050564c5b43,,feueron
8c2e18fd-b1d6-11ef-b620-0242ac110002,7efo5601-eeee-3333-4444-567890123456,6ca6a4d8-b1c4-11ef-b620-0242ac110002,passed,2025-09-15 20:15:08,7eae20a3-d233-11f0-8ce9-0050564c5b43,,feueron
8c2e19f5-b1d6-11ef-b620-0242ac110002,7efo5601-eeee-3333-4444-567890123456,6caa8267-b1c4-11ef-b620-0242ac110002,passed,2025-09-15 20:15:08,7eae20a3-d233-11f0-8ce9-0050564c5b43,,feueron
8c2e1ab9-b1d6-11ef-b620-0242ac110002,7efo5601-eeee-3333-4444-567890123456,6cb9eaba-b1c4-11ef-b620-0242ac110002,passed,2025-09-15 20:15:08,7eae20a3-d233-11f0-8ce9-0050564c5b43,,feueron
8c8a078d-3652-11f1-9c6b-0050564c5b43,b69e29c0-aa98-46b9-9c61-9556cefc17d3,81b428dd-0b00-11f0-9250-0050564c5b43,passed,2026-04-12 09:32:39,7eae20a3-d233-11f0-8ce9-0050564c5b43,2027-03-08,feueron
8ce5cb9c-e892-11f0-8ce9-0050564c5b43,d4e03bf9-070f-4993-ac8e-86a806b03dfc,e4c9ae9c-0aff-11f0-9250-0050564c5b43,passed,2026-01-03 10:54:17,7eae20a3-d233-11f0-8ce9-0050564c5b43,2028-11-01,feueron
8cea07c9-e893-11f0-8ce9-0050564c5b43,78yp5601-8888-dddd-4444-567890123456,81bb552f-0b00-11f0-9250-0050564c5b43,passed,2026-01-03 11:01:26,7eae20a3-d233-11f0-8ce9-0050564c5b43,2026-12-19,feueron
8d2fd365-e892-11f0-8ce9-0050564c5b43,d4e03bf9-070f-4993-ac8e-86a806b03dfc,81cbff32-0b00-11f0-9250-0050564c5b43,passed,2026-01-03 10:54:17,7eae20a3-d233-11f0-8ce9-0050564c5b43,2026-11-17,feueron
8d3773f9-f9d1-11f0-9c6b-0050564c5b43,2fc8a447-1a2e-408f-99da-b9cf17af7458,81cbff32-0b00-11f0-9250-0050564c5b43,passed,2026-01-25 09:38:05,7eae20a3-d233-11f0-8ce9-0050564c5b43,2026-07-27,feueron
8d79ecb9-e892-11f0-8ce9-0050564c5b43,d4e03bf9-070f-4993-ac8e-86a806b03dfc,81bb552f-0b00-11f0-9250-0050564c5b43,passed,2026-01-03 10:54:18,7eae20a3-d233-11f0-8ce9-0050564c5b43,2026-04-27,feueron
8d7c53e8-9924-11f0-818f-0050564c5b43,67xo4590-7777-cccc-3333-456789012345,81cbff32-0b00-11f0-9250-0050564c5b43,passed,2025-09-24 08:57:51,7eae20a3-d233-11f0-8ce9-0050564c5b43,2025-10-01,feueron
8d809e73-0b07-11f0-9250-0050564c5b43,d44e5f60-4444-7777-bbbb-4567890123de,e4c9ae9c-0aff-11f0-9250-0050564c5b43,passed,2025-09-15 20:15:08,7eae20a3-d233-11f0-8ce9-0050564c5b43,2025-03-20,app
8d80a812-0b07-11f0-9250-0050564c5b43,d44e5f60-4444-7777-bbbb-4567890123de,81c11937-0b00-11f0-9250-0050564c5b43,passed,2025-09-15 20:15:08,7eae20a3-d233-11f0-8ce9-0050564c5b43,2024-04-17,app
8d80a8ce-0b07-11f0-9250-0050564c5b43,d44e5f60-4444-7777-bbbb-4567890123de,81b428dd-0b00-11f0-9250-0050564c5b43,passed,2025-09-15 20:15:08,7eae20a3-d233-11f0-8ce9-0050564c5b43,2023-04-29,app
8d82abc2-0b07-11f0-9250-0050564c5b43,d44e5f60-4444-7777-bbbb-4567890123de,81bb552f-0b00-11f0-9250-0050564c5b43,passed,2025-09-15 20:15:08,7eae20a3-d233-11f0-8ce9-0050564c5b43,2024-04-17,app
8d83b5cc-f9d1-11f0-9c6b-0050564c5b43,2fc8a447-1a2e-408f-99da-b9cf17af7458,81bb552f-0b00-11f0-9250-0050564c5b43,passed,2026-01-25 09:38:06,7eae20a3-d233-11f0-8ce9-0050564c5b43,2026-12-20,feueron
8e0286c8-9923-11f0-818f-0050564c5b43,182293a4-8888-bbbb-ffff-890123456712,81cbff32-0b00-11f0-9250-0050564c5b43,passed,2025-09-24 08:50:43,7eae20a3-d233-11f0-8ce9-0050564c5b43,2026-08-05,feueron
8e254ce0-9923-11f0-818f-0050564c5b43,182293a4-8888-bbbb-ffff-890123456712,e4c9ae9c-0aff-11f0-9250-0050564c5b43,passed,2025-09-24 08:50:43,7eae20a3-d233-11f0-8ce9-0050564c5b43,2028-06-15,feueron
8e739b09-430b-11f1-9c6b-0050564c5b43,052d4e18-26b4-4c0c-9290-416e9e7bb6d5,81b428dd-0b00-11f0-9250-0050564c5b43,passed,2026-04-28 14:07:13,7eae20a3-d233-11f0-8ce9-0050564c5b43,2027-03-09,feueron
8f8ef66b-27af-11f0-a302-0050564c5b43,f67g7823-6666-bbbb-cccc-7890123456de,b3d855bf-0bc5-11f0-9250-0050564c5b43,passed,2025-09-15 20:15:08,7eae20a3-d233-11f0-8ce9-0050564c5b43,,feueron
8f9a9eee-e894-11f0-8ce9-0050564c5b43,b53adffe-4975-45ff-a03e-f68e19d03187,6ca7e067-b1c4-11ef-b620-0242ac110002,passed,2026-01-03 11:08:40,7eae20a3-d233-11f0-8ce9-0050564c5b43,,feueron
8fd1527c-f9cf-11f0-9c6b-0050564c5b43,143e28f5-a324-4cf2-ba7e-a4a9eabdb1ad,e4c9ae9c-0aff-11f0-9250-0050564c5b43,passed,2026-01-25 09:23:51,7eae20a3-d233-11f0-8ce9-0050564c5b43,2020-12-30,feueron
9000d026-e894-11f0-8ce9-0050564c5b43,b53adffe-4975-45ff-a03e-f68e19d03187,6ca9021d-b1c4-11ef-b620-0242ac110002,passed,2026-01-03 11:08:41,7eae20a3-d233-11f0-8ce9-0050564c5b43,,feueron
90311958-4308-11f1-9c6b-0050564c5b43,23due0156-dddd-2222-9999-01234567890,81b428dd-0b00-11f0-9250-0050564c5b43,passed,2026-04-28 13:45:48,7eae20a3-d233-11f0-8ce9-0050564c5b43,2027-03-09,feueron
9049d2dd-e894-11f0-8ce9-0050564c5b43,b53adffe-4975-45ff-a03e-f68e19d03187,6cb9eaba-b1c4-11ef-b620-0242ac110002,passed,2026-01-03 11:08:42,7eae20a3-d233-11f0-8ce9-0050564c5b43,,feueron
9094ff08-0b07-11f0-9250-0050564c5b43,e55f6071-5555-8888-cccc-5678901234ef,e4c9ae9c-0aff-11f0-9250-0050564c5b43,passed,2025-09-15 20:15:08,7eae20a3-d233-11f0-8ce9-0050564c5b43,2027-10-13,app
9094ff4c-0b07-11f0-9250-0050564c5b43,e55f6071-5555-8888-cccc-5678901234ef,81c11937-0b00-11f0-9250-0050564c5b43,passed,2025-09-15 20:15:08,7eae20a3-d233-11f0-8ce9-0050564c5b43,2023-07-11,app
9095f165-0b07-11f0-9250-0050564c5b43,e55f6071-5555-8888-cccc-5678901234ef,81b428dd-0b00-11f0-9250-0050564c5b43,passed,2025-09-15 20:15:08,7eae20a3-d233-11f0-8ce9-0050564c5b43,2024-10-27,app
909ac762-b1c9-11ef-b620-0242ac110002,91835ba5-7cf5-4388-8742-825db0460521,6cb5eb2e-b1c4-11ef-b620-0242ac110002,passed,2025-09-15 20:15:08,7eae20a3-d233-11f0-8ce9-0050564c5b43,,feueron
909acccb-b1c9-11ef-b620-0242ac110002,91835ba5-7cf5-4388-8742-825db0460521,6cac2e12-b1c4-11ef-b620-0242ac110002,passed,2025-09-15 20:15:08,7eae20a3-d233-11f0-8ce9-0050564c5b43,,feueron
909acd82-b1c9-11ef-b620-0242ac110002,91835ba5-7cf5-4388-8742-825db0460521,6ca7e067-b1c4-11ef-b620-0242ac110002,passed,2025-09-15 20:15:08,7eae20a3-d233-11f0-8ce9-0050564c5b43,,feueron
909ace12-b1c9-11ef-b620-0242ac110002,91835ba5-7cf5-4388-8742-825db0460521,6cb33f49-b1c4-11ef-b620-0242ac110002,passed,2025-09-15 20:15:08,7eae20a3-d233-11f0-8ce9-0050564c5b43,,feueron
909ace8a-b1c9-11ef-b620-0242ac110002,91835ba5-7cf5-4388-8742-825db0460521,6caa8267-b1c4-11ef-b620-0242ac110002,passed,2025-09-15 20:15:08,7eae20a3-d233-11f0-8ce9-0050564c5b43,,feueron
909acf04-b1c9-11ef-b620-0242ac110002,91835ba5-7cf5-4388-8742-825db0460521,6ca43f84-b1c4-11ef-b620-0242ac110002,passed,2025-09-15 20:15:08,7eae20a3-d233-11f0-8ce9-0050564c5b43,,feueron
90c52e26-f9cc-11f0-9c6b-0050564c5b43,052d4e18-26b4-4c0c-9290-416e9e7bb6d5,81cbff32-0b00-11f0-9250-0050564c5b43,passed,2026-01-25 09:02:24,7eae20a3-d233-11f0-8ce9-0050564c5b43,2026-10-13,feueron
914e84d8-0af1-11f0-9250-0050564c5b43,bd4385ca-0dea-4ba0-9e41-8686fe91056d,6ca43f84-b1c4-11ef-b620-0242ac110002,passed,2025-09-15 20:15:08,7eae20a3-d233-11f0-8ce9-0050564c5b43,,app
915166a9-0af1-11f0-9250-0050564c5b43,bd4385ca-0dea-4ba0-9e41-8686fe91056d,6cac2e12-b1c4-11ef-b620-0242ac110002,passed,2025-09-15 20:15:08,7eae20a3-d233-11f0-8ce9-0050564c5b43,,app
91c337d7-b1d6-11ef-b620-0242ac110002,8fpg6712-ffff-4444-5555-678901234567,6ca7e067-b1c4-11ef-b620-0242ac110002,passed,2025-09-15 20:15:08,7eae20a3-d233-11f0-8ce9-0050564c5b43,,feueron
91c342e5-b1d6-11ef-b620-0242ac110002,8fpg6712-ffff-4444-5555-678901234567,6cb8662d-b1c4-11ef-b620-0242ac110002,passed,2025-09-15 20:15:08,7eae20a3-d233-11f0-8ce9-0050564c5b43,,feueron
91c343c7-b1d6-11ef-b620-0242ac110002,8fpg6712-ffff-4444-5555-678901234567,6cb9eaba-b1c4-11ef-b620-0242ac110002,passed,2025-09-15 20:15:08,7eae20a3-d233-11f0-8ce9-0050564c5b43,,feueron
91c34465-b1d6-11ef-b620-0242ac110002,8fpg6712-ffff-4444-5555-678901234567,6ca9021d-b1c4-11ef-b620-0242ac110002,passed,2025-09-15 20:15:08,7eae20a3-d233-11f0-8ce9-0050564c5b43,,feueron
91dc50d0-4309-11f1-9c6b-0050564c5b43,e55f6071-5555-8888-cccc-5678901234ef,896a89a8-98d9-11f0-818f-0050564c5b43,passed,2026-04-28 13:53:00,7eae20a3-d233-11f0-8ce9-0050564c5b43,2030-08-24,feueron
91ebf3a3-f9cc-11f0-9c6b-0050564c5b43,052d4e18-26b4-4c0c-9290-416e9e7bb6d5,81bb552f-0b00-11f0-9250-0050564c5b43,passed,2026-01-25 09:02:26,7eae20a3-d233-11f0-8ce9-0050564c5b43,2026-12-25,feueron
923c3db3-9924-11f0-818f-0050564c5b43,78yp5601-8888-dddd-4444-567890123456,81cbff32-0b00-11f0-9250-0050564c5b43,passed,2025-09-24 08:57:59,7eae20a3-d233-11f0-8ce9-0050564c5b43,2026-03-22,feueron
9243bc87-0b07-11f0-9250-0050564c5b43,f6607182-6666-9999-dddd-6789012345f0,81bb552f-0b00-11f0-9250-0050564c5b43,passed,2025-09-15 20:15:08,7eae20a3-d233-11f0-8ce9-0050564c5b43,2025-05-06,app
9243c9fe-0b07-11f0-9250-0050564c5b43,f6607182-6666-9999-dddd-6789012345f0,e4c9ae9c-0aff-11f0-9250-0050564c5b43,passed,2025-09-15 20:15:08,7eae20a3-d233-11f0-8ce9-0050564c5b43,2028-01-30,app
92451292-0b07-11f0-9250-0050564c5b43,f6607182-6666-9999-dddd-6789012345f0,81b428dd-0b00-11f0-9250-0050564c5b43,passed,2025-09-15 20:15:08,7eae20a3-d233-11f0-8ce9-0050564c5b43,2025-05-06,app
924d1828-9923-11f0-818f-0050564c5b43,2933a4b5-9999-cccc-0000-901234567823,81cbff32-0b00-11f0-9250-0050564c5b43,passed,2025-09-24 08:50:50,7eae20a3-d233-11f0-8ce9-0050564c5b43,2026-08-05,feueron
924f8421-0821-11f1-9c6b-0050564c5b43,3a44b5c6-aaaa-dddd-1111-012345678934,81b428dd-0b00-11f0-9250-0050564c5b43,passed,2026-02-12 14:46:10,7eae20a3-d233-11f0-8ce9-0050564c5b43,2026-10-11,feueron
92634849-0821-11f1-9c6b-0050564c5b43,3a44b5c6-aaaa-dddd-1111-012345678934,81bb552f-0b00-11f0-9250-0050564c5b43,passed,2026-02-12 14:46:10,7eae20a3-d233-11f0-8ce9-0050564c5b43,2026-12-20,feueron
92879910-0af1-11f0-9250-0050564c5b43,96152a83-104d-4e4f-80c3-02c5cb671da5,6cb8662d-b1c4-11ef-b620-0242ac110002,attended,2025-09-15 20:15:08,7eae20a3-d233-11f0-8ce9-0050564c5b43,,app
928a1906-9923-11f0-818f-0050564c5b43,2933a4b5-9999-cccc-0000-901234567823,81b428dd-0b00-11f0-9250-0050564c5b43,passed,2025-09-24 08:50:50,7eae20a3-d233-11f0-8ce9-0050564c5b43,2026-04-11,feueron
928ce8e4-0af1-11f0-9250-0050564c5b43,96152a83-104d-4e4f-80c3-02c5cb671da5,6caa8267-b1c4-11ef-b620-0242ac110002,passed,2025-09-15 20:15:08,7eae20a3-d233-11f0-8ce9-0050564c5b43,,app
92aff8e6-9923-11f0-818f-0050564c5b43,2933a4b5-9999-cccc-0000-901234567823,81b428dd-0b00-11f0-9250-0050564c5b43,passed,2025-09-24 08:50:51,7eae20a3-d233-11f0-8ce9-0050564c5b43,2026-06-09,feueron
93a2b938-e890-11f0-8ce9-0050564c5b43,ae9b72da-bcd3-40f7-ac31-19f8b168c0b5,6ca6a4d8-b1c4-11ef-b620-0242ac110002,passed,2026-01-03 10:40:09,7eae20a3-d233-11f0-8ce9-0050564c5b43,,feueron
9418965d-0b07-11f0-9250-0050564c5b43,07118293-7777-aaaa-eeee-789012345601,e4c9ae9c-0aff-11f0-9250-0050564c5b43,passed,2025-09-15 20:15:08,7eae20a3-d233-11f0-8ce9-0050564c5b43,2027-06-09,app
94a4ca37-27ae-11f0-a302-0050564c5b43,e01acdb7-36a7-4c26-8009-4a72e3143ec8,6ca36e9f-b1c4-11ef-b620-0242ac110002,passed,2025-09-15 20:15:08,7eae20a3-d233-11f0-8ce9-0050564c5b43,,feueron
94a4fb08-27ae-11f0-a302-0050564c5b43,e01acdb7-36a7-4c26-8009-4a72e3143ec8,b3d855bf-0bc5-11f0-9250-0050564c5b43,passed,2025-09-15 20:15:08,7eae20a3-d233-11f0-8ce9-0050564c5b43,,feueron
94d658c6-27af-11f0-a302-0050564c5b43,078h8934-7777-cccc-dddd-8901234567ef,b3d855bf-0bc5-11f0-9250-0050564c5b43,passed,2025-09-15 20:15:08,7eae20a3-d233-11f0-8ce9-0050564c5b43,,feueron
94e63169-e894-11f0-8ce9-0050564c5b43,b53adffe-4975-45ff-a03e-f68e19d03187,81bb552f-0b00-11f0-9250-0050564c5b43,passed,2026-01-03 11:08:49,7eae20a3-d233-11f0-8ce9-0050564c5b43,2026-12-21,feueron
956c6062-010d-11f1-9c6b-0050564c5b43,4bcl2378-bbbb-0000-1111-234567890123,81b428dd-0b00-11f0-9250-0050564c5b43,passed,2026-02-03 14:35:27,7eae20a3-d233-11f0-8ce9-0050564c5b43,2026-10-26,feueron
95b4bb50-010d-11f1-9c6b-0050564c5b43,4bcl2378-bbbb-0000-1111-234567890123,4d1593a6-32a2-11f0-a302-0050564c5b43,passed,2026-02-03 14:35:28,7eae20a3-d233-11f0-8ce9-0050564c5b43,2027-11-14,feueron
95d15c07-b1c9-11ef-b620-0242ac110002,ca3a6c54-fb42-4be7-a39e-906b274c91ad,6cb5eb2e-b1c4-11ef-b620-0242ac110002,passed,2025-09-15 20:15:08,7eae20a3-d233-11f0-8ce9-0050564c5b43,,feueron
95d16590-b1c9-11ef-b620-0242ac110002,ca3a6c54-fb42-4be7-a39e-906b274c91ad,6cb9eaba-b1c4-11ef-b620-0242ac110002,passed,2025-09-15 20:15:08,7eae20a3-d233-11f0-8ce9-0050564c5b43,,feueron
95d1b3ea-b1c9-11ef-b620-0242ac110002,ca3a6c54-fb42-4be7-a39e-906b274c91ad,6cac2e12-b1c4-11ef-b620-0242ac110002,passed,2025-09-15 20:15:08,7eae20a3-d233-11f0-8ce9-0050564c5b43,,feueron
95d1b526-b1c9-11ef-b620-0242ac110002,ca3a6c54-fb42-4be7-a39e-906b274c91ad,6ca36e9f-b1c4-11ef-b620-0242ac110002,passed,2025-09-15 20:15:08,7eae20a3-d233-11f0-8ce9-0050564c5b43,,feueron
95d1b5bb-b1c9-11ef-b620-0242ac110002,ca3a6c54-fb42-4be7-a39e-906b274c91ad,6ca9021d-b1c4-11ef-b620-0242ac110002,passed,2025-09-15 20:15:08,7eae20a3-d233-11f0-8ce9-0050564c5b43,,feueron
95d1b65f-b1c9-11ef-b620-0242ac110002,ca3a6c54-fb42-4be7-a39e-906b274c91ad,6cb8662d-b1c4-11ef-b620-0242ac110002,passed,2025-09-15 20:15:08,7eae20a3-d233-11f0-8ce9-0050564c5b43,,feueron
95d1b6e8-b1c9-11ef-b620-0242ac110002,ca3a6c54-fb42-4be7-a39e-906b274c91ad,6caa8267-b1c4-11ef-b620-0242ac110002,passed,2025-09-15 20:15:08,7eae20a3-d233-11f0-8ce9-0050564c5b43,,feueron
95d1b783-b1c9-11ef-b620-0242ac110002,ca3a6c54-fb42-4be7-a39e-906b274c91ad,6ca7e067-b1c4-11ef-b620-0242ac110002,passed,2025-09-15 20:15:08,7eae20a3-d233-11f0-8ce9-0050564c5b43,,feueron
95d1b804-b1c9-11ef-b620-0242ac110002,ca3a6c54-fb42-4be7-a39e-906b274c91ad,6cb33f49-b1c4-11ef-b620-0242ac110002,passed,2025-09-15 20:15:08,7eae20a3-d233-11f0-8ce9-0050564c5b43,,feueron
95d1b895-b1c9-11ef-b620-0242ac110002,ca3a6c54-fb42-4be7-a39e-906b274c91ad,6ca43f84-b1c4-11ef-b620-0242ac110002,passed,2025-09-15 20:15:08,7eae20a3-d233-11f0-8ce9-0050564c5b43,,feueron
95ed8af7-0b07-11f0-9250-0050564c5b43,182293a4-8888-bbbb-ffff-890123456712,81bb552f-0b00-11f0-9250-0050564c5b43,passed,2025-09-15 20:15:08,7eae20a3-d233-11f0-8ce9-0050564c5b43,2025-05-06,app
95ed8d8a-0b07-11f0-9250-0050564c5b43,182293a4-8888-bbbb-ffff-890123456712,81b428dd-0b00-11f0-9250-0050564c5b43,passed,2025-09-15 20:15:08,7eae20a3-d233-11f0-8ce9-0050564c5b43,2025-03-24,app
95ed900d-0b07-11f0-9250-0050564c5b43,182293a4-8888-bbbb-ffff-890123456712,81c11937-0b00-11f0-9250-0050564c5b43,passed,2025-09-15 20:15:08,7eae20a3-d233-11f0-8ce9-0050564c5b43,2024-04-18,app
95ed9175-0b07-11f0-9250-0050564c5b43,182293a4-8888-bbbb-ffff-890123456712,e4c9ae9c-0aff-11f0-9250-0050564c5b43,passed,2025-09-15 20:15:08,7eae20a3-d233-11f0-8ce9-0050564c5b43,2024-08-31,app
95ee46c8-e894-11f0-8ce9-0050564c5b43,b53adffe-4975-45ff-a03e-f68e19d03187,81b428dd-0b00-11f0-9250-0050564c5b43,passed,2026-01-03 11:08:51,7eae20a3-d233-11f0-8ce9-0050564c5b43,2026-03-08,feueron
95fd4ad0-010d-11f1-9c6b-0050564c5b43,4bcl2378-bbbb-0000-1111-234567890123,81bb552f-0b00-11f0-9250-0050564c5b43,passed,2026-02-03 14:35:28,7eae20a3-d233-11f0-8ce9-0050564c5b43,2026-12-20,feueron
96374bb5-e894-11f0-8ce9-0050564c5b43,b53adffe-4975-45ff-a03e-f68e19d03187,e4c9ae9c-0aff-11f0-9250-0050564c5b43,passed,2026-01-03 11:08:52,7eae20a3-d233-11f0-8ce9-0050564c5b43,2026-01-23,feueron
96806846-e894-11f0-8ce9-0050564c5b43,b53adffe-4975-45ff-a03e-f68e19d03187,81cbff32-0b00-11f0-9250-0050564c5b43,passed,2026-01-03 11:08:52,7eae20a3-d233-11f0-8ce9-0050564c5b43,2026-10-11,feueron
969cab43-9923-11f0-818f-0050564c5b43,3a44b5c6-aaaa-dddd-1111-012345678934,81cbff32-0b00-11f0-9250-0050564c5b43,passed,2025-09-24 08:50:57,7eae20a3-d233-11f0-8ce9-0050564c5b43,2026-07-30,feueron
96a1c3c3-9924-11f0-818f-0050564c5b43,01bsc8934-bbbb-0000-7777-89012345678,e4c9ae9c-0aff-11f0-9250-0050564c5b43,passed,2025-09-24 08:58:07,7eae20a3-d233-11f0-8ce9-0050564c5b43,2027-02-15,feueron
96adb926-0b07-11f0-9250-0050564c5b43,2933a4b5-9999-cccc-0000-901234567823,81b428dd-0b00-11f0-9250-0050564c5b43,passed,2025-09-15 20:15:08,7eae20a3-d233-11f0-8ce9-0050564c5b43,2022-09-24,app
96af585d-0b07-11f0-9250-0050564c5b43,2933a4b5-9999-cccc-0000-901234567823,81bb552f-0b00-11f0-9250-0050564c5b43,passed,2025-09-15 20:15:08,7eae20a3-d233-11f0-8ce9-0050564c5b43,2025-05-06,app
96af7a0f-0b07-11f0-9250-0050564c5b43,2933a4b5-9999-cccc-0000-901234567823,e4c9ae9c-0aff-11f0-9250-0050564c5b43,passed,2025-09-15 20:15:08,7eae20a3-d233-11f0-8ce9-0050564c5b43,2027-07-02,app
96c1384c-9923-11f0-818f-0050564c5b43,3a44b5c6-aaaa-dddd-1111-012345678934,e4c9ae9c-0aff-11f0-9250-0050564c5b43,passed,2025-09-24 08:50:58,7eae20a3-d233-11f0-8ce9-0050564c5b43,2028-03-04,feueron
96d14f3a-9924-11f0-818f-0050564c5b43,01bsc8934-bbbb-0000-7777-89012345678,6cb0cd30-b1c4-11ef-b620-0242ac110002,passed,2025-09-24 08:58:07,7eae20a3-d233-11f0-8ce9-0050564c5b43,,feueron
96f5c681-9924-11f0-818f-0050564c5b43,01bsc8934-bbbb-0000-7777-89012345678,e9c2c06e-0bfb-11f0-9250-0050564c5b43,passed,2025-09-24 08:58:07,7eae20a3-d233-11f0-8ce9-0050564c5b43,,feueron
96fbefbd-b1d6-11ef-b620-0242ac110002,90qh7823-0000-5555-6666-789012345678,6ca7e067-b1c4-11ef-b620-0242ac110002,passed,2025-09-15 20:15:08,7eae20a3-d233-11f0-8ce9-0050564c5b43,,feueron
96fbf506-b1d6-11ef-b620-0242ac110002,90qh7823-0000-5555-6666-789012345678,6cb8662d-b1c4-11ef-b620-0242ac110002,passed,2025-09-15 20:15:08,7eae20a3-d233-11f0-8ce9-0050564c5b43,,feueron
96fbf5fb-b1d6-11ef-b620-0242ac110002,90qh7823-0000-5555-6666-789012345678,6caa8267-b1c4-11ef-b620-0242ac110002,passed,2025-09-15 20:15:08,7eae20a3-d233-11f0-8ce9-0050564c5b43,,feueron
96fbf6be-b1d6-11ef-b620-0242ac110002,90qh7823-0000-5555-6666-789012345678,6cb33f49-b1c4-11ef-b620-0242ac110002,passed,2025-09-15 20:15:08,7eae20a3-d233-11f0-8ce9-0050564c5b43,,feueron
96fbf773-b1d6-11ef-b620-0242ac110002,90qh7823-0000-5555-6666-789012345678,6cb9eaba-b1c4-11ef-b620-0242ac110002,passed,2025-09-15 20:15:08,7eae20a3-d233-11f0-8ce9-0050564c5b43,,feueron
96fbf817-b1d6-11ef-b620-0242ac110002,90qh7823-0000-5555-6666-789012345678,6ca9021d-b1c4-11ef-b620-0242ac110002,passed,2025-09-15 20:15:08,7eae20a3-d233-11f0-8ce9-0050564c5b43,,feueron
971bc4c4-9924-11f0-818f-0050564c5b43,01bsc8934-bbbb-0000-7777-89012345678,6cb9eaba-b1c4-11ef-b620-0242ac110002,passed,2025-09-24 08:58:08,7eae20a3-d233-11f0-8ce9-0050564c5b43,,feueron
9751605b-9924-11f0-818f-0050564c5b43,01bsc8934-bbbb-0000-7777-89012345678,6ca6a4d8-b1c4-11ef-b620-0242ac110002,passed,2025-09-24 08:58:08,7eae20a3-d233-11f0-8ce9-0050564c5b43,,feueron
97758198-9924-11f0-818f-0050564c5b43,01bsc8934-bbbb-0000-7777-89012345678,6caa8267-b1c4-11ef-b620-0242ac110002,passed,2025-09-24 08:58:08,7eae20a3-d233-11f0-8ce9-0050564c5b43,,feueron
977e4197-0b07-11f0-9250-0050564c5b43,3a44b5c6-aaaa-dddd-1111-012345678934,81b428dd-0b00-11f0-9250-0050564c5b43,passed,2025-09-15 20:15:08,7eae20a3-d233-11f0-8ce9-0050564c5b43,2025-02-18,app
977e7242-0b07-11f0-9250-0050564c5b43,3a44b5c6-aaaa-dddd-1111-012345678934,81bb552f-0b00-11f0-9250-0050564c5b43,passed,2025-09-15 20:15:08,7eae20a3-d233-11f0-8ce9-0050564c5b43,2025-05-06,app
977e769f-0b07-11f0-9250-0050564c5b43,3a44b5c6-aaaa-dddd-1111-012345678934,81c11937-0b00-11f0-9250-0050564c5b43,passed,2025-09-15 20:15:08,7eae20a3-d233-11f0-8ce9-0050564c5b43,2023-06-03,app
977e85bf-0b07-11f0-9250-0050564c5b43,3a44b5c6-aaaa-dddd-1111-012345678934,e4c9ae9c-0aff-11f0-9250-0050564c5b43,passed,2025-09-15 20:15:08,7eae20a3-d233-11f0-8ce9-0050564c5b43,2025-02-01,app
982b788d-994f-11f0-818f-0050564c5b43,90qh7823-0000-5555-6666-789012345678,6cb24b8e-b1c4-11ef-b620-0242ac110002,passed,2025-09-24 14:05:58,7eae20a3-d233-11f0-8ce9-0050564c5b43,2027-06-23,feueron
98f16a97-430b-11f1-9c6b-0050564c5b43,45vm2378-5555-aaaa-1111-234567890123,81bb552f-0b00-11f0-9250-0050564c5b43,passed,2026-04-28 14:07:31,7eae20a3-d233-11f0-8ce9-0050564c5b43,2027-04-06,feueron
993b51c8-010b-11f1-9c6b-0050564c5b43,e55f6071-5555-8888-cccc-5678901234ef,aaaf8d2f-98d9-11f0-818f-0050564c5b43,passed,2026-02-03 14:21:15,7eae20a3-d233-11f0-8ce9-0050564c5b43,2030-08-23,feueron
99a51d06-4f6c-11f1-9c6b-0050564c5b43,90arb7823-aaaa-ffff-6666-78901234567,81b428dd-0b00-11f0-9250-0050564c5b43,not-passed,2026-05-14 08:12:07,7eae20a3-d233-11f0-8ce9-0050564c5b43,,app
9ab49b1e-9923-11f0-818f-0050564c5b43,4b55c6d7-bbbb-eeee-2222-123456789045,81cbff32-0b00-11f0-9250-0050564c5b43,passed,2025-09-24 08:51:04,7eae20a3-d233-11f0-8ce9-0050564c5b43,2025-02-14,feueron
9b5183e6-9923-11f0-818f-0050564c5b43,4b55c6d7-bbbb-eeee-2222-123456789045,896a89a8-98d9-11f0-818f-0050564c5b43,passed,2025-09-24 08:51:05,7eae20a3-d233-11f0-8ce9-0050564c5b43,,feueron
9ba2eff3-3659-11f1-9c6b-0050564c5b43,67xo4590-7777-cccc-3333-456789012345,81b428dd-0b00-11f0-9250-0050564c5b43,passed,2026-04-12 10:23:11,7eae20a3-d233-11f0-8ce9-0050564c5b43,2027-03-08,feueron
9bb3946e-9949-11f0-818f-0050564c5b43,e55f6071-5555-8888-cccc-5678901234ef,896a89a8-98d9-11f0-818f-0050564c5b43,passed,2025-09-24 13:23:07,7eae20a3-d233-11f0-8ce9-0050564c5b43,2030-08-23,feueron
9c1bfda2-b1d6-11ef-b620-0242ac110002,01ri8934-1111-6666-7777-890123456789,6ca36e9f-b1c4-11ef-b620-0242ac110002,passed,2025-09-15 20:15:08,7eae20a3-d233-11f0-8ce9-0050564c5b43,,feueron
9c1c0032-b1d6-11ef-b620-0242ac110002,01ri8934-1111-6666-7777-890123456789,6ca43f84-b1c4-11ef-b620-0242ac110002,passed,2025-09-15 20:15:08,7eae20a3-d233-11f0-8ce9-0050564c5b43,,feueron
9c1c009d-b1d6-11ef-b620-0242ac110002,01ri8934-1111-6666-7777-890123456789,6ca7e067-b1c4-11ef-b620-0242ac110002,passed,2025-09-15 20:15:08,7eae20a3-d233-11f0-8ce9-0050564c5b43,,feueron
9c1c00ec-b1d6-11ef-b620-0242ac110002,01ri8934-1111-6666-7777-890123456789,6caa8267-b1c4-11ef-b620-0242ac110002,passed,2025-09-15 20:15:08,7eae20a3-d233-11f0-8ce9-0050564c5b43,,feueron
9c1c0140-b1d6-11ef-b620-0242ac110002,01ri8934-1111-6666-7777-890123456789,6cac2e12-b1c4-11ef-b620-0242ac110002,passed,2025-09-15 20:15:08,7eae20a3-d233-11f0-8ce9-0050564c5b43,,feueron
9c1c018f-b1d6-11ef-b620-0242ac110002,01ri8934-1111-6666-7777-890123456789,6cb24b8e-b1c4-11ef-b620-0242ac110002,passed,2025-09-15 20:15:08,7eae20a3-d233-11f0-8ce9-0050564c5b43,,feueron
9c1c01d3-b1d6-11ef-b620-0242ac110002,01ri8934-1111-6666-7777-890123456789,6cb33f49-b1c4-11ef-b620-0242ac110002,passed,2025-09-15 20:15:08,7eae20a3-d233-11f0-8ce9-0050564c5b43,,feueron
9c1c020d-b1d6-11ef-b620-0242ac110002,01ri8934-1111-6666-7777-890123456789,6cb5eb2e-b1c4-11ef-b620-0242ac110002,passed,2025-09-15 20:15:08,7eae20a3-d233-11f0-8ce9-0050564c5b43,,feueron
9c1c024a-b1d6-11ef-b620-0242ac110002,01ri8934-1111-6666-7777-890123456789,6cb8662d-b1c4-11ef-b620-0242ac110002,passed,2025-09-15 20:15:08,7eae20a3-d233-11f0-8ce9-0050564c5b43,,feueron
9c2f9072-9924-11f0-818f-0050564c5b43,89zq6712-9999-eeee-5555-678901234567,aaaf8d2f-98d9-11f0-818f-0050564c5b43,passed,2025-09-24 08:58:16,7eae20a3-d233-11f0-8ce9-0050564c5b43,,feueron
9d6768e4-94b2-11f0-879b-0050564c5b43,3d3cac78-13af-4a2e-84c1-dc2e6a83eeee,6cb9eaba-b1c4-11ef-b620-0242ac110002,passed,2025-09-18 17:12:10,7eae20a3-d233-11f0-8ce9-0050564c5b43,2025-08-04,app
9d72da10-0822-11f1-9c6b-0050564c5b43,4bcl2378-bbbb-0000-1111-234567890123,81b428dd-0b00-11f0-9250-0050564c5b43,passed,2026-02-12 14:53:38,7eae20a3-d233-11f0-8ce9-0050564c5b43,2026-10-27,feueron
9d8833f4-0822-11f1-9c6b-0050564c5b43,4bcl2378-bbbb-0000-1111-234567890123,4d1593a6-32a2-11f0-a302-0050564c5b43,passed,2026-02-12 14:53:38,7eae20a3-d233-11f0-8ce9-0050564c5b43,2027-11-15,feueron
9d8a99a5-010b-11f1-9c6b-0050564c5b43,e55f6071-5555-8888-cccc-5678901234ef,81cbff32-0b00-11f0-9250-0050564c5b43,passed,2026-02-03 14:21:22,7eae20a3-d233-11f0-8ce9-0050564c5b43,2026-10-13,feueron
9d9f5c03-0822-11f1-9c6b-0050564c5b43,4bcl2378-bbbb-0000-1111-234567890123,81bb552f-0b00-11f0-9250-0050564c5b43,passed,2026-02-12 14:53:39,7eae20a3-d233-11f0-8ce9-0050564c5b43,2026-12-21,feueron
9dd32a03-010b-11f1-9c6b-0050564c5b43,e55f6071-5555-8888-cccc-5678901234ef,81bb552f-0b00-11f0-9250-0050564c5b43,passed,2026-02-03 14:21:22,7eae20a3-d233-11f0-8ce9-0050564c5b43,2026-12-25,feueron
9e1cdfc9-0b07-11f0-9250-0050564c5b43,7e88f90a-eeee-1111-5555-456789012378,81bb552f-0b00-11f0-9250-0050564c5b43,passed,2025-09-15 20:15:08,7eae20a3-d233-11f0-8ce9-0050564c5b43,2026-01-21,app
9e1ce031-0b07-11f0-9250-0050564c5b43,7e88f90a-eeee-1111-5555-456789012378,e4c9ae9c-0aff-11f0-9250-0050564c5b43,passed,2025-09-15 20:15:08,7eae20a3-d233-11f0-8ce9-0050564c5b43,2027-02-12,app
9e1ce5e9-0b07-11f0-9250-0050564c5b43,7e88f90a-eeee-1111-5555-456789012378,81c11937-0b00-11f0-9250-0050564c5b43,passed,2025-09-15 20:15:08,7eae20a3-d233-11f0-8ce9-0050564c5b43,2024-04-17,app
9e1ce84d-0b07-11f0-9250-0050564c5b43,7e88f90a-eeee-1111-5555-456789012378,81b428dd-0b00-11f0-9250-0050564c5b43,passed,2025-09-15 20:15:08,7eae20a3-d233-11f0-8ce9-0050564c5b43,2026-01-24,app
9ed3bd0f-0af1-11f0-9250-0050564c5b43,902f3044-34ce-4ae9-bc52-2fe30c0f6734,6cb33f49-b1c4-11ef-b620-0242ac110002,passed,2025-09-15 20:15:08,7eae20a3-d233-11f0-8ce9-0050564c5b43,,app
9ed6ca30-0af1-11f0-9250-0050564c5b43,902f3044-34ce-4ae9-bc52-2fe30c0f6734,6cb5eb2e-b1c4-11ef-b620-0242ac110002,passed,2025-09-15 20:15:08,7eae20a3-d233-11f0-8ce9-0050564c5b43,,app
9eefb50f-0b07-11f0-9250-0050564c5b43,8f99a01b-ffff-2222-6666-567890123489,e4c9ae9c-0aff-11f0-9250-0050564c5b43,passed,2025-09-15 20:15:08,7eae20a3-d233-11f0-8ce9-0050564c5b43,2020-12-31,app
9efc3090-f9cc-11f0-9c6b-0050564c5b43,b69e29c0-aa98-46b9-9c61-9556cefc17d3,81b428dd-0b00-11f0-9250-0050564c5b43,passed,2026-01-25 09:02:48,7eae20a3-d233-11f0-8ce9-0050564c5b43,2026-11-30,feueron
9f358d20-cabf-11f0-8ce9-0050564c5b43,f581adcb-09a5-4ed9-82f5-b3f8551cae3b,6caa8267-b1c4-11ef-b620-0242ac110002,passed,2025-11-26 12:01:20,7eae20a3-d233-11f0-8ce9-0050564c5b43,,feueron
9f4553a6-f9cc-11f0-9c6b-0050564c5b43,b69e29c0-aa98-46b9-9c61-9556cefc17d3,81cbff32-0b00-11f0-9250-0050564c5b43,passed,2026-01-25 09:02:48,7eae20a3-d233-11f0-8ce9-0050564c5b43,2026-11-24,feueron
9f61b8c2-9a1e-11f0-818f-0050564c5b43,34ul1267-4444-9999-0000-123456789012,81c11937-0b00-11f0-9250-0050564c5b43,passed,2025-09-25 14:47:56,7eae20a3-d233-11f0-8ce9-0050564c5b43,,app
9f8e3c24-f9cc-11f0-9c6b-0050564c5b43,b69e29c0-aa98-46b9-9c61-9556cefc17d3,81bb552f-0b00-11f0-9250-0050564c5b43,passed,2026-01-25 09:02:49,7eae20a3-d233-11f0-8ce9-0050564c5b43,2026-12-19,feueron
9fdb8f5a-e88f-11f0-8ce9-0050564c5b43,1f36d1aa-a322-49c3-89ea-98ae61c5e6c1,81b428dd-0b00-11f0-9250-0050564c5b43,passed,2026-01-03 10:33:20,7eae20a3-d233-11f0-8ce9-0050564c5b43,2026-10-26,feueron
a07abc2a-27a7-11f0-a302-0050564c5b43,3594e183-54aa-4278-b3c6-07a24bdc2697,b3d855bf-0bc5-11f0-9250-0050564c5b43,passed,2025-09-15 20:15:08,7eae20a3-d233-11f0-8ce9-0050564c5b43,,feueron
a0d8485a-e88f-11f0-8ce9-0050564c5b43,1f36d1aa-a322-49c3-89ea-98ae61c5e6c1,81bb552f-0b00-11f0-9250-0050564c5b43,passed,2026-01-03 10:33:22,7eae20a3-d233-11f0-8ce9-0050564c5b43,2026-12-19,feueron
a1cb1c7e-0b07-11f0-9250-0050564c5b43,a12bc23d-1111-4444-8888-7890123456ab,81c11937-0b00-11f0-9250-0050564c5b43,passed,2025-09-15 20:15:08,7eae20a3-d233-11f0-8ce9-0050564c5b43,2025-05-20,app
a1cb1e85-0b07-11f0-9250-0050564c5b43,a12bc23d-1111-4444-8888-7890123456ab,e4c9ae9c-0aff-11f0-9250-0050564c5b43,passed,2025-09-15 20:15:08,7eae20a3-d233-11f0-8ce9-0050564c5b43,2027-03-13,app
a1cdfe0d-0b07-11f0-9250-0050564c5b43,a12bc23d-1111-4444-8888-7890123456ab,81bb552f-0b00-11f0-9250-0050564c5b43,passed,2025-09-15 20:15:08,7eae20a3-d233-11f0-8ce9-0050564c5b43,2024-11-06,app
a1fb074e-010e-11f1-9c6b-0050564c5b43,67xo4590-7777-cccc-3333-456789012345,81bb552f-0b00-11f0-9250-0050564c5b43,passed,2026-02-03 14:42:58,7eae20a3-d233-11f0-8ce9-0050564c5b43,2026-12-19,feueron
a26c1cc5-0af1-11f0-9250-0050564c5b43,b418b17e-813d-4d22-8566-7846e7ead3e3,6cb33f49-b1c4-11ef-b620-0242ac110002,passed,2025-09-15 20:15:08,7eae20a3-d233-11f0-8ce9-0050564c5b43,,feueron
a26c32cc-0af1-11f0-9250-0050564c5b43,b418b17e-813d-4d22-8566-7846e7ead3e3,6caa8267-b1c4-11ef-b620-0242ac110002,passed,2025-09-15 20:15:08,7eae20a3-d233-11f0-8ce9-0050564c5b43,,feueron
a26c38fc-0af1-11f0-9250-0050564c5b43,b418b17e-813d-4d22-8566-7846e7ead3e3,6ca9021d-b1c4-11ef-b620-0242ac110002,passed,2025-09-15 20:15:08,7eae20a3-d233-11f0-8ce9-0050564c5b43,,feueron
a27cd37f-247c-11f0-a302-0050564c5b43,b69e29c0-aa98-46b9-9c61-9556cefc17d3,6ca9021d-b1c4-11ef-b620-0242ac110002,passed,2025-09-15 20:15:08,7eae20a3-d233-11f0-8ce9-0050564c5b43,,feueron
a299b343-0b07-11f0-9250-0050564c5b43,b23cd34e-2222-5555-9999-8901234567bc,81b428dd-0b00-11f0-9250-0050564c5b43,passed,2025-09-15 20:15:08,7eae20a3-d233-11f0-8ce9-0050564c5b43,2025-12-28,app
a299b7af-0b07-11f0-9250-0050564c5b43,b23cd34e-2222-5555-9999-8901234567bc,81bb552f-0b00-11f0-9250-0050564c5b43,passed,2025-09-15 20:15:08,7eae20a3-d233-11f0-8ce9-0050564c5b43,2026-02-21,app
a29c5c79-0b07-11f0-9250-0050564c5b43,b23cd34e-2222-5555-9999-8901234567bc,e4c9ae9c-0aff-11f0-9250-0050564c5b43,passed,2025-09-15 20:15:08,7eae20a3-d233-11f0-8ce9-0050564c5b43,2027-01-31,app
a2c81c9d-e890-11f0-8ce9-0050564c5b43,3d3cac78-13af-4a2e-84c1-dc2e6a83eeee,81b428dd-0b00-11f0-9250-0050564c5b43,passed,2026-01-03 10:40:35,7eae20a3-d233-11f0-8ce9-0050564c5b43,2026-11-30,feueron
a2fdc188-0821-11f1-9c6b-0050564c5b43,5c66d7e8-cccc-ffff-3333-234567890156,6ca6a4d8-b1c4-11ef-b620-0242ac110002,passed,2026-02-12 14:46:38,7eae20a3-d233-11f0-8ce9-0050564c5b43,2024-05-24,feueron
a31f0d4f-e890-11f0-8ce9-0050564c5b43,3d3cac78-13af-4a2e-84c1-dc2e6a83eeee,81bb552f-0b00-11f0-9250-0050564c5b43,passed,2026-01-03 10:40:35,7eae20a3-d233-11f0-8ce9-0050564c5b43,2026-04-27,feueron
a3692006-9a19-11f0-818f-0050564c5b43,280e80b1-ab02-4039-8546-7b9cca408a3f,6cb9eaba-b1c4-11ef-b620-0242ac110002,passed,2025-09-25 14:12:15,7eae20a3-d233-11f0-8ce9-0050564c5b43,,app
a4100194-247c-11f0-a302-0050564c5b43,3594e183-54aa-4278-b3c6-07a24bdc2697,6ca9021d-b1c4-11ef-b620-0242ac110002,passed,2025-09-15 20:15:08,7eae20a3-d233-11f0-8ce9-0050564c5b43,,feueron
a4323633-010d-11f1-9c6b-0050564c5b43,444e9a02-745a-4723-90f2-722e399ef59f,81b428dd-0b00-11f0-9250-0050564c5b43,passed,2026-02-03 14:35:52,7eae20a3-d233-11f0-8ce9-0050564c5b43,2026-11-30,feueron
a47aa780-010d-11f1-9c6b-0050564c5b43,444e9a02-745a-4723-90f2-722e399ef59f,4d1593a6-32a2-11f0-a302-0050564c5b43,passed,2026-02-03 14:35:52,7eae20a3-d233-11f0-8ce9-0050564c5b43,2028-06-07,feueron
a4984a8e-f9d1-11f0-9c6b-0050564c5b43,67xo4590-7777-cccc-3333-456789012345,81bb552f-0b00-11f0-9250-0050564c5b43,passed,2026-01-25 09:38:45,7eae20a3-d233-11f0-8ce9-0050564c5b43,2026-12-19,feueron
a4a4c1bb-e767-11f0-8ce9-0050564c5b43,29aj0156-9999-eeee-ffff-012345678901,e4c9ae9c-0aff-11f0-9250-0050564c5b43,passed,2026-01-01 23:14:37,7eae20a3-d233-11f0-8ce9-0050564c5b43,2022-12-31,feueron
a4c10968-0af1-11f0-9250-0050564c5b43,444e9a02-745a-4723-90f2-722e399ef59f,6caa8267-b1c4-11ef-b620-0242ac110002,passed,2025-09-15 20:15:08,7eae20a3-d233-11f0-8ce9-0050564c5b43,,feueron
a4c30b4b-010d-11f1-9c6b-0050564c5b43,444e9a02-745a-4723-90f2-722e399ef59f,81bb552f-0b00-11f0-9250-0050564c5b43,passed,2026-02-03 14:35:53,7eae20a3-d233-11f0-8ce9-0050564c5b43,2026-11-30,feueron
a4c4be0c-0af1-11f0-9250-0050564c5b43,444e9a02-745a-4723-90f2-722e399ef59f,6cb9eaba-b1c4-11ef-b620-0242ac110002,passed,2025-09-15 20:15:08,7eae20a3-d233-11f0-8ce9-0050564c5b43,,feueron
a5805856-2c40-11f1-9c6b-0050564c5b43,b53adffe-4975-45ff-a03e-f68e19d03187,e4c9ae9c-0aff-11f0-9250-0050564c5b43,passed,2026-03-30 13:59:18,7eae20a3-d233-11f0-8ce9-0050564c5b43,2029-02-03,feueron
a5e9d6bc-0822-11f1-9c6b-0050564c5b43,444e9a02-745a-4723-90f2-722e399ef59f,81b428dd-0b00-11f0-9250-0050564c5b43,passed,2026-02-12 14:53:53,7eae20a3-d233-11f0-8ce9-0050564c5b43,2026-12-01,feueron
a601a9ad-0822-11f1-9c6b-0050564c5b43,444e9a02-745a-4723-90f2-722e399ef59f,4d1593a6-32a2-11f0-a302-0050564c5b43,passed,2026-02-12 14:53:53,7eae20a3-d233-11f0-8ce9-0050564c5b43,2028-06-08,feueron
a612d367-0822-11f1-9c6b-0050564c5b43,444e9a02-745a-4723-90f2-722e399ef59f,81bb552f-0b00-11f0-9250-0050564c5b43,passed,2026-02-12 14:53:53,7eae20a3-d233-11f0-8ce9-0050564c5b43,2026-12-01,feueron
a697ff5f-b1d6-11ef-b620-0242ac110002,12sj9045-2222-7777-8888-901234567890,6cb0cd30-b1c4-11ef-b620-0242ac110002,passed,2025-09-15 20:15:08,7eae20a3-d233-11f0-8ce9-0050564c5b43,,feueron
a69801e2-b1d6-11ef-b620-0242ac110002,12sj9045-2222-7777-8888-901234567890,6caa8267-b1c4-11ef-b620-0242ac110002,passed,2025-09-15 20:15:08,7eae20a3-d233-11f0-8ce9-0050564c5b43,,feueron
a6980248-b1d6-11ef-b620-0242ac110002,12sj9045-2222-7777-8888-901234567890,6cb9eaba-b1c4-11ef-b620-0242ac110002,passed,2025-09-15 20:15:08,7eae20a3-d233-11f0-8ce9-0050564c5b43,,feueron
a6980290-b1d6-11ef-b620-0242ac110002,12sj9045-2222-7777-8888-901234567890,6ca9021d-b1c4-11ef-b620-0242ac110002,passed,2025-09-15 20:15:08,7eae20a3-d233-11f0-8ce9-0050564c5b43,,feueron
a6e28926-e766-11f0-8ce9-0050564c5b43,a12bc23d-1111-4444-8888-7890123456ab,81b428dd-0b00-11f0-9250-0050564c5b43,passed,2026-01-01 23:07:32,7eae20a3-d233-11f0-8ce9-0050564c5b43,,feueron
a6fc3553-e766-11f0-8ce9-0050564c5b43,a12bc23d-1111-4444-8888-7890123456ab,81b428dd-0b00-11f0-9250-0050564c5b43,passed,2026-01-01 23:07:32,7eae20a3-d233-11f0-8ce9-0050564c5b43,,feueron
a7082578-247c-11f0-a302-0050564c5b43,280e80b1-ab02-4039-8546-7b9cca408a3f,6cb5eb2e-b1c4-11ef-b620-0242ac110002,passed,2025-09-15 20:15:08,7eae20a3-d233-11f0-8ce9-0050564c5b43,,feueron
a70cb76f-247c-11f0-a302-0050564c5b43,280e80b1-ab02-4039-8546-7b9cca408a3f,6ca9021d-b1c4-11ef-b620-0242ac110002,passed,2025-09-15 20:15:08,7eae20a3-d233-11f0-8ce9-0050564c5b43,,feueron
a74e1651-bd9e-11f0-be7f-0050564c5b43,6d77e8f9-dddd-0000-4444-345678901267,6cb9eaba-b1c4-11ef-b620-0242ac110002,passed,2025-11-09 19:02:35,7eae20a3-d233-11f0-8ce9-0050564c5b43,,app
a78df7b2-0b07-11f0-9250-0050564c5b43,f67g7823-6666-bbbb-cccc-7890123456de,81b428dd-0b00-11f0-9250-0050564c5b43,passed,2025-09-15 20:15:08,7eae20a3-d233-11f0-8ce9-0050564c5b43,2024-11-17,app
a78dfa2a-0b07-11f0-9250-0050564c5b43,f67g7823-6666-bbbb-cccc-7890123456de,e4c9ae9c-0aff-11f0-9250-0050564c5b43,passed,2025-09-15 20:15:08,7eae20a3-d233-11f0-8ce9-0050564c5b43,2027-05-05,app
a8571a26-0b07-11f0-9250-0050564c5b43,078h8934-7777-cccc-dddd-8901234567ef,81b428dd-0b00-11f0-9250-0050564c5b43,passed,2025-09-15 20:15:08,7eae20a3-d233-11f0-8ce9-0050564c5b43,2026-01-24,app
a8571b7f-0b07-11f0-9250-0050564c5b43,078h8934-7777-cccc-dddd-8901234567ef,e4c9ae9c-0aff-11f0-9250-0050564c5b43,passed,2025-09-15 20:15:08,7eae20a3-d233-11f0-8ce9-0050564c5b43,2025-02-04,app
a8575229-0b07-11f0-9250-0050564c5b43,078h8934-7777-cccc-dddd-8901234567ef,81bb552f-0b00-11f0-9250-0050564c5b43,passed,2025-09-15 20:15:08,7eae20a3-d233-11f0-8ce9-0050564c5b43,2025-05-06,app
a857cecc-0b07-11f0-9250-0050564c5b43,078h8934-7777-cccc-dddd-8901234567ef,81c11937-0b00-11f0-9250-0050564c5b43,passed,2025-09-15 20:15:08,7eae20a3-d233-11f0-8ce9-0050564c5b43,2024-09-18,app
a8e18196-e892-11f0-8ce9-0050564c5b43,3d3cac78-13af-4a2e-84c1-dc2e6a83eeee,81b428dd-0b00-11f0-9250-0050564c5b43,passed,2026-01-03 10:55:04,7eae20a3-d233-11f0-8ce9-0050564c5b43,2026-11-30,feueron
a8fc6a4e-0af1-11f0-9250-0050564c5b43,d7b2f88e-3a80-43a1-8112-7697071d87a2,6caa8267-b1c4-11ef-b620-0242ac110002,passed,2025-09-15 20:15:08,7eae20a3-d233-11f0-8ce9-0050564c5b43,,app
a92b8650-e892-11f0-8ce9-0050564c5b43,3d3cac78-13af-4a2e-84c1-dc2e6a83eeee,81bb552f-0b00-11f0-9250-0050564c5b43,passed,2026-01-03 10:55:04,7eae20a3-d233-11f0-8ce9-0050564c5b43,2026-04-27,feueron
a9abaaa4-0b07-11f0-9250-0050564c5b43,189i9045-8888-dddd-eeee-9012345678f0,e4c9ae9c-0aff-11f0-9250-0050564c5b43,passed,2025-09-15 20:15:08,7eae20a3-d233-11f0-8ce9-0050564c5b43,2027-08-07,app
a9b7980c-0af1-11f0-9250-0050564c5b43,68ca6960-1aad-494d-9a66-31bdb8a07a0f,6ca7e067-b1c4-11ef-b620-0242ac110002,passed,2025-09-15 20:15:08,7eae20a3-d233-11f0-8ce9-0050564c5b43,,app
a9b7e346-0af1-11f0-9250-0050564c5b43,68ca6960-1aad-494d-9a66-31bdb8a07a0f,6caa8267-b1c4-11ef-b620-0242ac110002,passed,2025-09-15 20:15:08,7eae20a3-d233-11f0-8ce9-0050564c5b43,,app
a9b7e580-0af1-11f0-9250-0050564c5b43,68ca6960-1aad-494d-9a66-31bdb8a07a0f,6cb33f49-b1c4-11ef-b620-0242ac110002,passed,2025-09-15 20:15:08,7eae20a3-d233-11f0-8ce9-0050564c5b43,,app
ab042070-430b-11f1-9c6b-0050564c5b43,2fc8a447-1a2e-408f-99da-b9cf17af7458,81b428dd-0b00-11f0-9250-0050564c5b43,passed,2026-04-28 14:08:01,7eae20a3-d233-11f0-8ce9-0050564c5b43,2027-03-09,feueron
ab53b5a0-e763-11f0-8ce9-0050564c5b43,5c66d7e8-cccc-ffff-3333-234567890156,e4c9ae9c-0aff-11f0-9250-0050564c5b43,passed,2026-01-01 22:46:11,7eae20a3-d233-11f0-8ce9-0050564c5b43,2020-02-24,feueron
ab9d58ba-27ae-11f0-a302-0050564c5b43,1f36d1aa-a322-49c3-89ea-98ae61c5e6c1,b3d855bf-0bc5-11f0-9250-0050564c5b43,passed,2025-09-15 20:15:08,7eae20a3-d233-11f0-8ce9-0050564c5b43,,feueron
abae6b8d-f9ce-11f0-9c6b-0050564c5b43,e55f6071-5555-8888-cccc-5678901234ef,aaaf8d2f-98d9-11f0-818f-0050564c5b43,passed,2026-01-25 09:17:28,7eae20a3-d233-11f0-8ce9-0050564c5b43,2030-08-23,feueron
ac19b54a-010c-11f1-9c6b-0050564c5b43,a12bc23d-1111-4444-8888-7890123456ab,81cbff32-0b00-11f0-9250-0050564c5b43,passed,2026-02-03 14:28:56,7eae20a3-d233-11f0-8ce9-0050564c5b43,2026-10-13,feueron
ac31f90a-cab2-11f0-8ce9-0050564c5b43,d45ef560-4444-7777-bbbb-0123456789de,6ca6a4d8-b1c4-11ef-b620-0242ac110002,passed,2025-11-26 10:28:38,7eae20a3-d233-11f0-8ce9-0050564c5b43,,feueron
ac485bce-94b4-11f0-879b-0050564c5b43,3d3cac78-13af-4a2e-84c1-dc2e6a83eeee,6caeadd9-b1c4-11ef-b620-0242ac110002,passed,2025-09-18 17:26:55,7eae20a3-d233-11f0-8ce9-0050564c5b43,,app
ad0bef87-f9d0-11f0-9c6b-0050564c5b43,4bcl2378-bbbb-0000-1111-234567890123,81b428dd-0b00-11f0-9250-0050564c5b43,passed,2026-01-25 09:31:49,7eae20a3-d233-11f0-8ce9-0050564c5b43,2026-10-26,feueron
ad765fa8-f9d0-11f0-9c6b-0050564c5b43,4bcl2378-bbbb-0000-1111-234567890123,4d1593a6-32a2-11f0-a302-0050564c5b43,passed,2026-01-25 09:31:50,7eae20a3-d233-11f0-8ce9-0050564c5b43,2027-11-14,feueron
ad7ebcad-0822-11f1-9c6b-0050564c5b43,6den4590-dddd-2222-3333-456789012345,4d1593a6-32a2-11f0-a302-0050564c5b43,passed,2026-02-12 14:54:05,7eae20a3-d233-11f0-8ce9-0050564c5b43,2021-08-08,feueron
adc283f4-f9d0-11f0-9c6b-0050564c5b43,4bcl2378-bbbb-0000-1111-234567890123,81bb552f-0b00-11f0-9250-0050564c5b43,passed,2026-01-25 09:31:51,7eae20a3-d233-11f0-8ce9-0050564c5b43,2026-12-20,feueron
adc54122-010e-11f1-9c6b-0050564c5b43,78yp5601-8888-dddd-4444-567890123456,81bb552f-0b00-11f0-9250-0050564c5b43,passed,2026-02-03 14:43:17,7eae20a3-d233-11f0-8ce9-0050564c5b43,2026-12-19,feueron
af4ba5f2-2c40-11f1-9c6b-0050564c5b43,444e9a02-745a-4723-90f2-722e399ef59f,81b428dd-0b00-11f0-9250-0050564c5b43,passed,2026-03-30 13:59:34,7eae20a3-d233-11f0-8ce9-0050564c5b43,2027-02-02,feueron
af6f99d7-2c40-11f1-9c6b-0050564c5b43,444e9a02-745a-4723-90f2-722e399ef59f,6ca6a4d8-b1c4-11ef-b620-0242ac110002,passed,2026-03-30 13:59:34,7eae20a3-d233-11f0-8ce9-0050564c5b43,2023-10-30,feueron
af851c9b-b1c9-11ef-b620-0242ac110002,3d3cac78-13af-4a2e-84c1-dc2e6a83eeee,6cb5eb2e-b1c4-11ef-b620-0242ac110002,passed,2025-09-15 20:15:08,7eae20a3-d233-11f0-8ce9-0050564c5b43,,app
af8527f0-b1c9-11ef-b620-0242ac110002,3d3cac78-13af-4a2e-84c1-dc2e6a83eeee,6cb9eaba-b1c4-11ef-b620-0242ac110002,passed,2025-09-15 20:15:08,7eae20a3-d233-11f0-8ce9-0050564c5b43,,app
af8528b9-b1c9-11ef-b620-0242ac110002,3d3cac78-13af-4a2e-84c1-dc2e6a83eeee,6ca9021d-b1c4-11ef-b620-0242ac110002,passed,2025-09-15 20:15:08,7eae20a3-d233-11f0-8ce9-0050564c5b43,,app
af85295e-b1c9-11ef-b620-0242ac110002,3d3cac78-13af-4a2e-84c1-dc2e6a83eeee,6ca7e067-b1c4-11ef-b620-0242ac110002,passed,2025-09-15 20:15:08,7eae20a3-d233-11f0-8ce9-0050564c5b43,,app
af8529ec-b1c9-11ef-b620-0242ac110002,3d3cac78-13af-4a2e-84c1-dc2e6a83eeee,6caa8267-b1c4-11ef-b620-0242ac110002,passed,2025-09-15 20:15:08,7eae20a3-d233-11f0-8ce9-0050564c5b43,,app
afaa1cd9-f9ce-11f0-9c6b-0050564c5b43,e55f6071-5555-8888-cccc-5678901234ef,81cbff32-0b00-11f0-9250-0050564c5b43,passed,2026-01-25 09:17:35,7eae20a3-d233-11f0-8ce9-0050564c5b43,2026-10-13,feueron
aff45894-f9ce-11f0-9c6b-0050564c5b43,e55f6071-5555-8888-cccc-5678901234ef,81bb552f-0b00-11f0-9250-0050564c5b43,passed,2026-01-25 09:17:35,7eae20a3-d233-11f0-8ce9-0050564c5b43,2026-12-25,feueron
b01467f1-0109-11f1-9c6b-0050564c5b43,12ctd9045-cccc-1111-8888-90123456789,81b428dd-0b00-11f0-9250-0050564c5b43,passed,2026-02-03 14:07:34,7eae20a3-d233-11f0-8ce9-0050564c5b43,2026-11-30,feueron
b05cf8f8-0109-11f1-9c6b-0050564c5b43,12ctd9045-cccc-1111-8888-90123456789,81bb552f-0b00-11f0-9250-0050564c5b43,passed,2026-02-03 14:07:34,7eae20a3-d233-11f0-8ce9-0050564c5b43,2026-12-21,feueron
b18bbacb-94b2-11f0-879b-0050564c5b43,3d3cac78-13af-4a2e-84c1-dc2e6a83eeee,6ca9021d-b1c4-11ef-b620-0242ac110002,passed,2025-09-18 17:12:44,7eae20a3-d233-11f0-8ce9-0050564c5b43,,app
b1b87367-f9d1-11f0-9c6b-0050564c5b43,78yp5601-8888-dddd-4444-567890123456,81bb552f-0b00-11f0-9250-0050564c5b43,passed,2026-01-25 09:39:07,7eae20a3-d233-11f0-8ce9-0050564c5b43,2026-12-19,feueron
b1bfaad1-bf42-11f0-be7f-0050564c5b43,8e9150db-cb95-4ba2-8ed2-efb27fb4e8b1,6cad47b9-b1c4-11ef-b620-0242ac110002,passed,2025-11-11 21:09:21,7eae20a3-d233-11f0-8ce9-0050564c5b43,,app
b1c9f7d5-e891-11f0-8ce9-0050564c5b43,12ctd9045-cccc-1111-8888-90123456789,81b428dd-0b00-11f0-9250-0050564c5b43,passed,2026-01-03 10:48:09,7eae20a3-d233-11f0-8ce9-0050564c5b43,2026-11-30,feueron
b22e059e-e891-11f0-8ce9-0050564c5b43,12ctd9045-cccc-1111-8888-90123456789,81bb552f-0b00-11f0-9250-0050564c5b43,passed,2026-01-03 10:48:10,7eae20a3-d233-11f0-8ce9-0050564c5b43,2026-12-21,feueron
b2b19ea9-9923-11f0-818f-0050564c5b43,7e88f90a-eeee-1111-5555-456789012378,81cbff32-0b00-11f0-9250-0050564c5b43,passed,2025-09-24 08:51:44,7eae20a3-d233-11f0-8ce9-0050564c5b43,2026-06-16,feueron
b2fe6d29-9923-11f0-818f-0050564c5b43,7e88f90a-eeee-1111-5555-456789012378,81b428dd-0b00-11f0-9250-0050564c5b43,passed,2025-09-24 08:51:45,7eae20a3-d233-11f0-8ce9-0050564c5b43,2026-02-10,feueron
b3261d27-9923-11f0-818f-0050564c5b43,7e88f90a-eeee-1111-5555-456789012378,6cac2e12-b1c4-11ef-b620-0242ac110002,passed,2025-09-24 08:51:45,7eae20a3-d233-11f0-8ce9-0050564c5b43,,feueron
b34dafa0-9923-11f0-818f-0050564c5b43,7e88f90a-eeee-1111-5555-456789012378,6ca43f84-b1c4-11ef-b620-0242ac110002,passed,2025-09-24 08:51:45,7eae20a3-d233-11f0-8ce9-0050564c5b43,,feueron
b43293b4-e767-11f0-8ce9-0050564c5b43,3abk1267-aaaa-ffff-0000-123456789012,81cbff32-0b00-11f0-9250-0050564c5b43,passed,2026-01-01 23:15:03,7eae20a3-d233-11f0-8ce9-0050564c5b43,,feueron
b44b4f36-e767-11f0-8ce9-0050564c5b43,3abk1267-aaaa-ffff-0000-123456789012,e4c9ae9c-0aff-11f0-9250-0050564c5b43,passed,2026-01-01 23:15:04,7eae20a3-d233-11f0-8ce9-0050564c5b43,2022-12-31,feueron
b4633f52-27ad-11f0-a302-0050564c5b43,85412c95-9ed2-4f6e-9359-431a0d3f9ebd,6cb9eaba-b1c4-11ef-b620-0242ac110002,passed,2025-09-15 20:15:08,7eae20a3-d233-11f0-8ce9-0050564c5b43,,feueron
b4c530c6-0822-11f1-9c6b-0050564c5b43,7efo5601-eeee-3333-4444-567890123456,6ca6a4d8-b1c4-11ef-b620-0242ac110002,passed,2026-02-12 14:54:17,7eae20a3-d233-11f0-8ce9-0050564c5b43,2024-02-19,feueron
b4d541f0-0af1-11f0-9250-0050564c5b43,2fc8a447-1a2e-408f-99da-b9cf17af7458,6ca7e067-b1c4-11ef-b620-0242ac110002,passed,2025-09-15 20:15:08,7eae20a3-d233-11f0-8ce9-0050564c5b43,,feueron
b4d546dc-0af1-11f0-9250-0050564c5b43,2fc8a447-1a2e-408f-99da-b9cf17af7458,6cb8662d-b1c4-11ef-b620-0242ac110002,passed,2025-09-15 20:15:08,7eae20a3-d233-11f0-8ce9-0050564c5b43,,feueron
b4d549a2-0af1-11f0-9250-0050564c5b43,2fc8a447-1a2e-408f-99da-b9cf17af7458,6ca9021d-b1c4-11ef-b620-0242ac110002,passed,2025-09-15 20:15:08,7eae20a3-d233-11f0-8ce9-0050564c5b43,,feueron
b4d5592f-0af1-11f0-9250-0050564c5b43,2fc8a447-1a2e-408f-99da-b9cf17af7458,6caa8267-b1c4-11ef-b620-0242ac110002,passed,2025-09-15 20:15:08,7eae20a3-d233-11f0-8ce9-0050564c5b43,,feueron
b4d83fcb-0af1-11f0-9250-0050564c5b43,2fc8a447-1a2e-408f-99da-b9cf17af7458,6cb5eb2e-b1c4-11ef-b620-0242ac110002,passed,2025-09-15 20:15:08,7eae20a3-d233-11f0-8ce9-0050564c5b43,,feueron
b4d84306-0af1-11f0-9250-0050564c5b43,2fc8a447-1a2e-408f-99da-b9cf17af7458,6cb9eaba-b1c4-11ef-b620-0242ac110002,passed,2025-09-15 20:15:08,7eae20a3-d233-11f0-8ce9-0050564c5b43,,feueron
b4f59436-010d-11f1-9c6b-0050564c5b43,6den4590-dddd-2222-3333-456789012345,4d1593a6-32a2-11f0-a302-0050564c5b43,passed,2026-02-03 14:36:20,7eae20a3-d233-11f0-8ce9-0050564c5b43,2021-08-07,feueron
b5052bc3-3657-11f1-9c6b-0050564c5b43,078h8934-7777-cccc-dddd-8901234567ef,81b428dd-0b00-11f0-9250-0050564c5b43,passed,2026-04-12 10:09:35,7eae20a3-d233-11f0-8ce9-0050564c5b43,2027-03-08,feueron
b57a61b0-b1c9-11ef-b620-0242ac110002,a83b215d-0e8c-451e-a124-7d596445f36a,6cb9eaba-b1c4-11ef-b620-0242ac110002,passed,2025-09-15 20:15:08,7eae20a3-d233-11f0-8ce9-0050564c5b43,,feueron
b57a67d8-b1c9-11ef-b620-0242ac110002,a83b215d-0e8c-451e-a124-7d596445f36a,6ca9021d-b1c4-11ef-b620-0242ac110002,passed,2025-09-15 20:15:08,7eae20a3-d233-11f0-8ce9-0050564c5b43,,feueron
b57a6898-b1c9-11ef-b620-0242ac110002,a83b215d-0e8c-451e-a124-7d596445f36a,6caa8267-b1c4-11ef-b620-0242ac110002,passed,2025-09-15 20:15:08,7eae20a3-d233-11f0-8ce9-0050564c5b43,,feueron
b5c4c1d5-27a7-11f0-a302-0050564c5b43,ca3a6c54-fb42-4be7-a39e-906b274c91ad,b3d855bf-0bc5-11f0-9250-0050564c5b43,passed,2025-09-15 20:15:08,7eae20a3-d233-11f0-8ce9-0050564c5b43,,feueron
b5ff020f-9a1e-11f0-818f-0050564c5b43,34ul1267-4444-9999-0000-123456789012,6cb8662d-b1c4-11ef-b620-0242ac110002,passed,2025-09-25 14:48:34,7eae20a3-d233-11f0-8ce9-0050564c5b43,,app
b6760a1e-2c25-11f1-9c6b-0050564c5b43,12ctd9045-cccc-1111-8888-90123456789,6ca9021d-b1c4-11ef-b620-0242ac110002,passed,2026-03-30 10:46:31,7eae20a3-d233-11f0-8ce9-0050564c5b43,,feueron
b693e6fb-e892-11f0-8ce9-0050564c5b43,63a16d7d-db4f-4e2c-977d-3c384b92b6fa,81bb552f-0b00-11f0-9250-0050564c5b43,passed,2026-01-03 10:55:27,7eae20a3-d233-11f0-8ce9-0050564c5b43,2026-04-27,feueron
b76b9078-a20b-11f0-818f-0050564c5b43,3d3cac78-13af-4a2e-84c1-dc2e6a83eeee,4d1593a6-32a2-11f0-a302-0050564c5b43,passed,2025-10-05 16:52:45,7eae20a3-d233-11f0-8ce9-0050564c5b43,2029-05-15,app
b7761030-94b4-11f0-879b-0050564c5b43,3d3cac78-13af-4a2e-84c1-dc2e6a83eeee,6caeadd9-b1c4-11ef-b620-0242ac110002,not-passed,2025-09-18 17:27:12,7eae20a3-d233-11f0-8ce9-0050564c5b43,,app
b7ae402a-b1d6-11ef-b620-0242ac110002,23tk0156-3333-8888-9999-012345678901,6ca7e067-b1c4-11ef-b620-0242ac110002,passed,2025-09-15 20:15:08,7eae20a3-d233-11f0-8ce9-0050564c5b43,,feueron
b7ae467a-b1d6-11ef-b620-0242ac110002,23tk0156-3333-8888-9999-012345678901,6cb8662d-b1c4-11ef-b620-0242ac110002,passed,2025-09-15 20:15:08,7eae20a3-d233-11f0-8ce9-0050564c5b43,,feueron
b7ae4756-b1d6-11ef-b620-0242ac110002,23tk0156-3333-8888-9999-012345678901,6caa8267-b1c4-11ef-b620-0242ac110002,passed,2025-09-15 20:15:08,7eae20a3-d233-11f0-8ce9-0050564c5b43,,feueron
b7aec301-b1d6-11ef-b620-0242ac110002,23tk0156-3333-8888-9999-012345678901,6cb33f49-b1c4-11ef-b620-0242ac110002,passed,2025-09-15 20:15:08,7eae20a3-d233-11f0-8ce9-0050564c5b43,,feueron
b7c1edcd-9923-11f0-818f-0050564c5b43,8f99a01b-ffff-2222-6666-567890123489,81cbff32-0b00-11f0-9250-0050564c5b43,passed,2025-09-24 08:51:53,7eae20a3-d233-11f0-8ce9-0050564c5b43,2010-06-01,feueron
b8964948-9923-11f0-818f-0050564c5b43,8f99a01b-ffff-2222-6666-567890123489,aaaf8d2f-98d9-11f0-818f-0050564c5b43,passed,2025-09-24 08:51:54,7eae20a3-d233-11f0-8ce9-0050564c5b43,,feueron
b8a74c13-bf42-11f0-be7f-0050564c5b43,8e9150db-cb95-4ba2-8ed2-efb27fb4e8b1,6cb486c8-b1c4-11ef-b620-0242ac110002,passed,2025-11-11 21:09:33,7eae20a3-d233-11f0-8ce9-0050564c5b43,,app
b93d6ec6-27af-11f0-a302-0050564c5b43,6den4590-dddd-2222-3333-456789012345,b3d855bf-0bc5-11f0-9250-0050564c5b43,passed,2025-09-15 20:15:08,7eae20a3-d233-11f0-8ce9-0050564c5b43,,feueron
b960c5a1-430a-11f1-9c6b-0050564c5b43,078h8934-7777-cccc-dddd-8901234567ef,81b428dd-0b00-11f0-9250-0050564c5b43,passed,2026-04-28 14:01:16,7eae20a3-d233-11f0-8ce9-0050564c5b43,2027-03-09,feueron
b97a0964-010c-11f1-9c6b-0050564c5b43,b23cd34e-2222-5555-9999-8901234567bc,81b428dd-0b00-11f0-9250-0050564c5b43,passed,2026-02-03 14:29:18,7eae20a3-d233-11f0-8ce9-0050564c5b43,2026-11-30,feueron
b9843e92-247c-11f0-a302-0050564c5b43,b30d69f9-dcdd-45e7-bbc9-4694c4a86edb,6ca9021d-b1c4-11ef-b620-0242ac110002,passed,2025-09-15 20:15:08,7eae20a3-d233-11f0-8ce9-0050564c5b43,,app
b9cb5096-f9d0-11f0-9c6b-0050564c5b43,444e9a02-745a-4723-90f2-722e399ef59f,aaaf8d2f-98d9-11f0-818f-0050564c5b43,passed,2026-01-25 09:32:11,7eae20a3-d233-11f0-8ce9-0050564c5b43,,feueron
b9df2020-010c-11f1-9c6b-0050564c5b43,b23cd34e-2222-5555-9999-8901234567bc,81bb552f-0b00-11f0-9250-0050564c5b43,passed,2026-02-03 14:29:19,7eae20a3-d233-11f0-8ce9-0050564c5b43,2026-12-24,feueron
bb866348-b1c9-11ef-b620-0242ac110002,73d3950b-3c82-4f5c-bafc-8e41efcd1166,6cb9eaba-b1c4-11ef-b620-0242ac110002,passed,2025-09-15 20:15:08,7eae20a3-d233-11f0-8ce9-0050564c5b43,,feueron
bb866b0c-b1c9-11ef-b620-0242ac110002,73d3950b-3c82-4f5c-bafc-8e41efcd1166,6ca9021d-b1c4-11ef-b620-0242ac110002,passed,2025-09-15 20:15:08,7eae20a3-d233-11f0-8ce9-0050564c5b43,,feueron
bb866bfc-b1c9-11ef-b620-0242ac110002,73d3950b-3c82-4f5c-bafc-8e41efcd1166,6cb8662d-b1c4-11ef-b620-0242ac110002,passed,2025-09-15 20:15:08,7eae20a3-d233-11f0-8ce9-0050564c5b43,,feueron
bb866cc1-b1c9-11ef-b620-0242ac110002,73d3950b-3c82-4f5c-bafc-8e41efcd1166,6ca7e067-b1c4-11ef-b620-0242ac110002,passed,2025-09-15 20:15:08,7eae20a3-d233-11f0-8ce9-0050564c5b43,,feueron
bb866d68-b1c9-11ef-b620-0242ac110002,73d3950b-3c82-4f5c-bafc-8e41efcd1166,6cb33f49-b1c4-11ef-b620-0242ac110002,passed,2025-09-15 20:15:08,7eae20a3-d233-11f0-8ce9-0050564c5b43,,feueron
bb866dfd-b1c9-11ef-b620-0242ac110002,73d3950b-3c82-4f5c-bafc-8e41efcd1166,6caa8267-b1c4-11ef-b620-0242ac110002,passed,2025-09-15 20:15:08,7eae20a3-d233-11f0-8ce9-0050564c5b43,,feueron
bc112f84-94b2-11f0-879b-0050564c5b43,3d3cac78-13af-4a2e-84c1-dc2e6a83eeee,6cb9eaba-b1c4-11ef-b620-0242ac110002,passed,2025-09-18 17:13:02,7eae20a3-d233-11f0-8ce9-0050564c5b43,,app
bc4b6ad2-0822-11f1-9c6b-0050564c5b43,8fpg6712-ffff-4444-5555-678901234567,81b428dd-0b00-11f0-9250-0050564c5b43,passed,2026-02-12 14:54:30,7eae20a3-d233-11f0-8ce9-0050564c5b43,2026-03-17,feueron
bccfdcc0-f9cf-11f0-9c6b-0050564c5b43,a12bc23d-1111-4444-8888-7890123456ab,81cbff32-0b00-11f0-9250-0050564c5b43,passed,2026-01-25 09:25:06,7eae20a3-d233-11f0-8ce9-0050564c5b43,2026-10-13,feueron
bccfe6eb-f9d0-11f0-9c6b-0050564c5b43,444e9a02-745a-4723-90f2-722e399ef59f,81b428dd-0b00-11f0-9250-0050564c5b43,passed,2026-01-25 09:32:16,7eae20a3-d233-11f0-8ce9-0050564c5b43,2026-11-30,feueron
bd1c136f-f9d0-11f0-9c6b-0050564c5b43,444e9a02-745a-4723-90f2-722e399ef59f,4d1593a6-32a2-11f0-a302-0050564c5b43,passed,2026-01-25 09:32:16,7eae20a3-d233-11f0-8ce9-0050564c5b43,2028-06-07,feueron
bd497828-0109-11f1-9c6b-0050564c5b43,1f36d1aa-a322-49c3-89ea-98ae61c5e6c1,81b428dd-0b00-11f0-9250-0050564c5b43,passed,2026-02-03 14:07:56,7eae20a3-d233-11f0-8ce9-0050564c5b43,2026-10-26,feueron
bd683bf2-f9d0-11f0-9c6b-0050564c5b43,444e9a02-745a-4723-90f2-722e399ef59f,81bb552f-0b00-11f0-9250-0050564c5b43,passed,2026-01-25 09:32:17,7eae20a3-d233-11f0-8ce9-0050564c5b43,2026-11-30,feueron
bd6cf121-430b-11f1-9c6b-0050564c5b43,67xo4590-7777-cccc-3333-456789012345,81b428dd-0b00-11f0-9250-0050564c5b43,passed,2026-04-28 14:08:32,7eae20a3-d233-11f0-8ce9-0050564c5b43,2027-03-09,feueron
bd91b34e-0109-11f1-9c6b-0050564c5b43,1f36d1aa-a322-49c3-89ea-98ae61c5e6c1,81bb552f-0b00-11f0-9250-0050564c5b43,passed,2026-02-03 14:07:57,7eae20a3-d233-11f0-8ce9-0050564c5b43,2026-12-19,feueron
bdae8db6-9a1e-11f0-818f-0050564c5b43,34ul1267-4444-9999-0000-123456789012,b3d855bf-0bc5-11f0-9250-0050564c5b43,passed,2025-09-25 14:48:46,7eae20a3-d233-11f0-8ce9-0050564c5b43,,app
be63ded7-247d-11f0-a302-0050564c5b43,91835ba5-7cf5-4388-8742-825db0460521,6ca9021d-b1c4-11ef-b620-0242ac110002,passed,2025-09-15 20:15:08,7eae20a3-d233-11f0-8ce9-0050564c5b43,,feueron
bf4cda20-e51a-11f0-8ce9-0050564c5b43,3d3cac78-13af-4a2e-84c1-dc2e6a83eeee,81b428dd-0b00-11f0-9250-0050564c5b43,passed,2025-12-30 00:59:08,7eae20a3-d233-11f0-8ce9-0050564c5b43,2026-06-27,feueron
bf52e307-e892-11f0-8ce9-0050564c5b43,b22c3d4e-2222-5555-9999-2345678901bc,81bb552f-0b00-11f0-9250-0050564c5b43,passed,2026-01-03 10:55:41,7eae20a3-d233-11f0-8ce9-0050564c5b43,2026-12-21,feueron
c1ef1b31-b1d6-11ef-b620-0242ac110002,34ul1267-4444-9999-0000-123456789012,6ca43f84-b1c4-11ef-b620-0242ac110002,passed,2025-09-15 20:15:08,7eae20a3-d233-11f0-8ce9-0050564c5b43,,feueron
c288ec4e-010d-11f1-9c6b-0050564c5b43,7efo5601-eeee-3333-4444-567890123456,6ca6a4d8-b1c4-11ef-b620-0242ac110002,passed,2026-02-03 14:36:43,7eae20a3-d233-11f0-8ce9-0050564c5b43,2024-02-18,feueron
c380416d-0822-11f1-9c6b-0050564c5b43,90qh7823-0000-5555-6666-789012345678,6cb24b8e-b1c4-11ef-b620-0242ac110002,passed,2026-02-12 14:54:42,7eae20a3-d233-11f0-8ce9-0050564c5b43,2027-06-24,feueron
c438378c-9a1e-11f0-818f-0050564c5b43,34ul1267-4444-9999-0000-123456789012,6cb5eb2e-b1c4-11ef-b620-0242ac110002,passed,2025-09-25 14:48:57,7eae20a3-d233-11f0-8ce9-0050564c5b43,,app
c568d650-9923-11f0-818f-0050564c5b43,a12bc23d-1111-4444-8888-7890123456ab,81cbff32-0b00-11f0-9250-0050564c5b43,passed,2025-09-24 08:52:16,7eae20a3-d233-11f0-8ce9-0050564c5b43,2025-08-06,feueron
c5ddf8b5-0822-11f1-9c6b-0050564c5b43,90qh7823-0000-5555-6666-789012345678,81bb552f-0b00-11f0-9250-0050564c5b43,passed,2026-02-12 14:54:46,7eae20a3-d233-11f0-8ce9-0050564c5b43,2026-06-09,feueron
c647d58b-b1c9-11ef-b620-0242ac110002,63a16d7d-db4f-4e2c-977d-3c384b92b6fa,6cb24b8e-b1c4-11ef-b620-0242ac110002,passed,2025-09-15 20:15:08,7eae20a3-d233-11f0-8ce9-0050564c5b43,,feueron
c647db7e-b1c9-11ef-b620-0242ac110002,63a16d7d-db4f-4e2c-977d-3c384b92b6fa,6ca7e067-b1c4-11ef-b620-0242ac110002,passed,2025-09-15 20:15:08,7eae20a3-d233-11f0-8ce9-0050564c5b43,,feueron
c647dc68-b1c9-11ef-b620-0242ac110002,63a16d7d-db4f-4e2c-977d-3c384b92b6fa,6ca6a4d8-b1c4-11ef-b620-0242ac110002,passed,2025-09-15 20:15:08,7eae20a3-d233-11f0-8ce9-0050564c5b43,,feueron
c647dd1a-b1c9-11ef-b620-0242ac110002,63a16d7d-db4f-4e2c-977d-3c384b92b6fa,6cb33f49-b1c4-11ef-b620-0242ac110002,passed,2025-09-15 20:15:08,7eae20a3-d233-11f0-8ce9-0050564c5b43,,feueron
c647ddc5-b1c9-11ef-b620-0242ac110002,63a16d7d-db4f-4e2c-977d-3c384b92b6fa,6caa8267-b1c4-11ef-b620-0242ac110002,passed,2025-09-15 20:15:08,7eae20a3-d233-11f0-8ce9-0050564c5b43,,feueron
c6b683a0-247d-11f0-a302-0050564c5b43,2917e590-4c06-4221-bae5-2a0d943980f8,010e253a-0be3-11f0-9250-0050564c5b43,attended,2025-09-15 20:15:08,7eae20a3-d233-11f0-8ce9-0050564c5b43,,app
c6b96977-247d-11f0-a302-0050564c5b43,2917e590-4c06-4221-bae5-2a0d943980f8,6ca9021d-b1c4-11ef-b620-0242ac110002,passed,2025-09-15 20:15:08,7eae20a3-d233-11f0-8ce9-0050564c5b43,,app
c6c73068-e88f-11f0-8ce9-0050564c5b43,c65b3343-e4f0-43e1-8575-1c38e5549386,6cb24b8e-b1c4-11ef-b620-0242ac110002,passed,2026-01-03 10:34:26,7eae20a3-d233-11f0-8ce9-0050564c5b43,2029-04-07,feueron
c6ca7df0-081f-11f1-9c6b-0050564c5b43,052d4e18-26b4-4c0c-9290-416e9e7bb6d5,81cbff32-0b00-11f0-9250-0050564c5b43,passed,2026-02-12 14:33:19,7eae20a3-d233-11f0-8ce9-0050564c5b43,2026-10-14,feueron
c6e42e0a-081f-11f1-9c6b-0050564c5b43,052d4e18-26b4-4c0c-9290-416e9e7bb6d5,81bb552f-0b00-11f0-9250-0050564c5b43,passed,2026-02-12 14:33:19,7eae20a3-d233-11f0-8ce9-0050564c5b43,2026-12-26,feueron
c7551f8a-b1d6-11ef-b620-0242ac110002,45vm2378-5555-aaaa-1111-234567890123,6ca43f84-b1c4-11ef-b620-0242ac110002,passed,2025-09-15 20:15:08,7eae20a3-d233-11f0-8ce9-0050564c5b43,,feueron
c7552723-b1d6-11ef-b620-0242ac110002,45vm2378-5555-aaaa-1111-234567890123,6ca7e067-b1c4-11ef-b620-0242ac110002,passed,2025-09-15 20:15:08,7eae20a3-d233-11f0-8ce9-0050564c5b43,,feueron
c7552c2b-b1d6-11ef-b620-0242ac110002,45vm2378-5555-aaaa-1111-234567890123,6caa8267-b1c4-11ef-b620-0242ac110002,passed,2025-09-15 20:15:08,7eae20a3-d233-11f0-8ce9-0050564c5b43,,feueron
c7552ce1-b1d6-11ef-b620-0242ac110002,45vm2378-5555-aaaa-1111-234567890123,6cac2e12-b1c4-11ef-b620-0242ac110002,passed,2025-09-15 20:15:08,7eae20a3-d233-11f0-8ce9-0050564c5b43,,feueron
c7552d7b-b1d6-11ef-b620-0242ac110002,45vm2378-5555-aaaa-1111-234567890123,6cb33f49-b1c4-11ef-b620-0242ac110002,passed,2025-09-15 20:15:08,7eae20a3-d233-11f0-8ce9-0050564c5b43,,feueron
c7552e17-b1d6-11ef-b620-0242ac110002,45vm2378-5555-aaaa-1111-234567890123,6cb5eb2e-b1c4-11ef-b620-0242ac110002,passed,2025-09-15 20:15:08,7eae20a3-d233-11f0-8ce9-0050564c5b43,,feueron
c771b553-e88f-11f0-8ce9-0050564c5b43,c65b3343-e4f0-43e1-8575-1c38e5549386,aaaf8d2f-98d9-11f0-818f-0050564c5b43,passed,2026-01-03 10:34:27,7eae20a3-d233-11f0-8ce9-0050564c5b43,,feueron
c9270f6f-247d-11f0-a302-0050564c5b43,87ab7ccf-796c-4efd-8f10-d1cd7132599f,6ca9021d-b1c4-11ef-b620-0242ac110002,passed,2025-09-15 20:15:08,7eae20a3-d233-11f0-8ce9-0050564c5b43,,feueron
c9dbb5d7-9923-11f0-818f-0050564c5b43,b23cd34e-2222-5555-9999-8901234567bc,81cbff32-0b00-11f0-9250-0050564c5b43,passed,2025-09-24 08:52:23,7eae20a3-d233-11f0-8ce9-0050564c5b43,2026-02-11,feueron
c9e4a821-e88e-11f0-8ce9-0050564c5b43,052d4e18-26b4-4c0c-9290-416e9e7bb6d5,81cbff32-0b00-11f0-9250-0050564c5b43,passed,2026-01-03 10:27:21,7eae20a3-d233-11f0-8ce9-0050564c5b43,2026-10-13,feueron
ca15200a-9923-11f0-818f-0050564c5b43,b23cd34e-2222-5555-9999-8901234567bc,81b428dd-0b00-11f0-9250-0050564c5b43,passed,2025-09-24 08:52:24,7eae20a3-d233-11f0-8ce9-0050564c5b43,2026-08-24,feueron
ca4a0ae5-e88e-11f0-8ce9-0050564c5b43,052d4e18-26b4-4c0c-9290-416e9e7bb6d5,81bb552f-0b00-11f0-9250-0050564c5b43,passed,2026-01-03 10:27:22,7eae20a3-d233-11f0-8ce9-0050564c5b43,2026-12-25,feueron
ca892a34-f9d0-11f0-9c6b-0050564c5b43,6den4590-dddd-2222-3333-456789012345,4d1593a6-32a2-11f0-a302-0050564c5b43,passed,2026-01-25 09:32:39,7eae20a3-d233-11f0-8ce9-0050564c5b43,2021-08-07,feueron
ca9696bc-bd9e-11f0-be7f-0050564c5b43,3a44b5c6-aaaa-dddd-1111-012345678934,6cb9eaba-b1c4-11ef-b620-0242ac110002,passed,2025-11-09 19:03:34,7eae20a3-d233-11f0-8ce9-0050564c5b43,,app
caa8b9d8-e763-11f0-8ce9-0050564c5b43,901ab12c-0000-3333-7777-67890123459a,e4c9ae9c-0aff-11f0-9250-0050564c5b43,passed,2026-01-01 22:47:03,7eae20a3-d233-11f0-8ce9-0050564c5b43,2022-12-31,feueron
cb2c3582-f9cf-11f0-9c6b-0050564c5b43,b23cd34e-2222-5555-9999-8901234567bc,81b428dd-0b00-11f0-9250-0050564c5b43,passed,2026-01-25 09:25:30,7eae20a3-d233-11f0-8ce9-0050564c5b43,2026-11-30,feueron
cb80ab81-f9cf-11f0-9c6b-0050564c5b43,b23cd34e-2222-5555-9999-8901234567bc,81bb552f-0b00-11f0-9250-0050564c5b43,passed,2026-01-25 09:25:31,7eae20a3-d233-11f0-8ce9-0050564c5b43,2026-12-24,feueron
cb93b3d0-b1c9-11ef-b620-0242ac110002,87ab7ccf-796c-4efd-8f10-d1cd7132599f,6cac2e12-b1c4-11ef-b620-0242ac110002,passed,2025-09-15 20:15:08,7eae20a3-d233-11f0-8ce9-0050564c5b43,,feueron
cb93b812-b1c9-11ef-b620-0242ac110002,87ab7ccf-796c-4efd-8f10-d1cd7132599f,6caa8267-b1c4-11ef-b620-0242ac110002,passed,2025-09-15 20:15:08,7eae20a3-d233-11f0-8ce9-0050564c5b43,,feueron
cb93b8d5-b1c9-11ef-b620-0242ac110002,87ab7ccf-796c-4efd-8f10-d1cd7132599f,6ca7e067-b1c4-11ef-b620-0242ac110002,passed,2025-09-15 20:15:08,7eae20a3-d233-11f0-8ce9-0050564c5b43,,feueron
cb93e806-b1c9-11ef-b620-0242ac110002,87ab7ccf-796c-4efd-8f10-d1cd7132599f,6cb33f49-b1c4-11ef-b620-0242ac110002,passed,2025-09-15 20:15:08,7eae20a3-d233-11f0-8ce9-0050564c5b43,,feueron
cb93e8c8-b1c9-11ef-b620-0242ac110002,87ab7ccf-796c-4efd-8f10-d1cd7132599f,6ca43f84-b1c4-11ef-b620-0242ac110002,passed,2025-09-15 20:15:08,7eae20a3-d233-11f0-8ce9-0050564c5b43,,feueron
cb9e8498-f9cc-11f0-9c6b-0050564c5b43,12ctd9045-cccc-1111-8888-90123456789,81b428dd-0b00-11f0-9250-0050564c5b43,passed,2026-01-25 09:04:03,7eae20a3-d233-11f0-8ce9-0050564c5b43,2026-11-30,feueron
cc13630a-27af-11f0-a302-0050564c5b43,01ri8934-1111-6666-7777-890123456789,b3d855bf-0bc5-11f0-9250-0050564c5b43,passed,2025-09-15 20:15:08,7eae20a3-d233-11f0-8ce9-0050564c5b43,,feueron
cc252804-e767-11f0-8ce9-0050564c5b43,7efo5601-eeee-3333-4444-567890123456,e4c9ae9c-0aff-11f0-9250-0050564c5b43,passed,2026-01-01 23:15:44,7eae20a3-d233-11f0-8ce9-0050564c5b43,2022-12-31,feueron
ccb340ed-f9cc-11f0-9c6b-0050564c5b43,12ctd9045-cccc-1111-8888-90123456789,81bb552f-0b00-11f0-9250-0050564c5b43,passed,2026-01-25 09:04:04,7eae20a3-d233-11f0-8ce9-0050564c5b43,2026-12-21,feueron
ccba1f04-b1d6-11ef-b620-0242ac110002,56wn3489-6666-bbbb-2222-345678901234,6caa8267-b1c4-11ef-b620-0242ac110002,passed,2025-09-15 20:15:08,7eae20a3-d233-11f0-8ce9-0050564c5b43,,feueron
ccba22dd-b1d6-11ef-b620-0242ac110002,56wn3489-6666-bbbb-2222-345678901234,6cb5eb2e-b1c4-11ef-b620-0242ac110002,passed,2025-09-15 20:15:08,7eae20a3-d233-11f0-8ce9-0050564c5b43,,feueron
ccba2392-b1d6-11ef-b620-0242ac110002,56wn3489-6666-bbbb-2222-345678901234,6cb33f49-b1c4-11ef-b620-0242ac110002,passed,2025-09-15 20:15:08,7eae20a3-d233-11f0-8ce9-0050564c5b43,,feueron
ccba2439-b1d6-11ef-b620-0242ac110002,56wn3489-6666-bbbb-2222-345678901234,6cb9eaba-b1c4-11ef-b620-0242ac110002,passed,2025-09-15 20:15:08,7eae20a3-d233-11f0-8ce9-0050564c5b43,,feueron
ccba250d-b1d6-11ef-b620-0242ac110002,56wn3489-6666-bbbb-2222-345678901234,6ca9021d-b1c4-11ef-b620-0242ac110002,passed,2025-09-15 20:15:08,7eae20a3-d233-11f0-8ce9-0050564c5b43,,feueron
ce0b4cc0-247d-11f0-a302-0050564c5b43,bf4714b3-cfcb-4782-b6b3-13753a030344,010e253a-0be3-11f0-9250-0050564c5b43,attended,2025-09-15 20:15:08,7eae20a3-d233-11f0-8ce9-0050564c5b43,,app
ce360149-4308-11f1-9c6b-0050564c5b43,d4e03bf9-070f-4993-ac8e-86a806b03dfc,aaaf8d2f-98d9-11f0-818f-0050564c5b43,passed,2026-04-28 13:47:32,7eae20a3-d233-11f0-8ce9-0050564c5b43,,feueron
ce523e32-0820-11f1-9c6b-0050564c5b43,3d3cac78-13af-4a2e-84c1-dc2e6a83eeee,81b428dd-0b00-11f0-9250-0050564c5b43,passed,2026-02-12 14:40:41,7eae20a3-d233-11f0-8ce9-0050564c5b43,2026-12-01,feueron
ce704b15-0820-11f1-9c6b-0050564c5b43,3d3cac78-13af-4a2e-84c1-dc2e6a83eeee,81bb552f-0b00-11f0-9250-0050564c5b43,passed,2026-02-12 14:40:42,7eae20a3-d233-11f0-8ce9-0050564c5b43,2026-04-28,feueron
cf49b21e-247d-11f0-a302-0050564c5b43,c33d4e5f-3333-6666-aaaa-3456789012cd,6ca9021d-b1c4-11ef-b620-0242ac110002,passed,2025-09-15 20:15:08,7eae20a3-d233-11f0-8ce9-0050564c5b43,,feueron
cfa22767-010d-11f1-9c6b-0050564c5b43,8fpg6712-ffff-4444-5555-678901234567,81b428dd-0b00-11f0-9250-0050564c5b43,passed,2026-02-03 14:37:05,7eae20a3-d233-11f0-8ce9-0050564c5b43,2026-03-16,feueron
cfd57071-27ae-11f0-a302-0050564c5b43,8e805e1e-6ff0-4959-abf3-85b2fc802f46,b3d855bf-0bc5-11f0-9250-0050564c5b43,passed,2025-09-15 20:15:08,7eae20a3-d233-11f0-8ce9-0050564c5b43,,feueron
d0e53919-b1c9-11ef-b620-0242ac110002,a11b2c3d-1111-4444-8888-1234567890ab,6ca6a4d8-b1c4-11ef-b620-0242ac110002,passed,2025-09-15 20:15:08,7eae20a3-d233-11f0-8ce9-0050564c5b43,,feueron
d0e53c16-b1c9-11ef-b620-0242ac110002,a11b2c3d-1111-4444-8888-1234567890ab,6cad47b9-b1c4-11ef-b620-0242ac110002,passed,2025-09-15 20:15:08,7eae20a3-d233-11f0-8ce9-0050564c5b43,,feueron
d0e53c8e-b1c9-11ef-b620-0242ac110002,a11b2c3d-1111-4444-8888-1234567890ab,6cb5eb2e-b1c4-11ef-b620-0242ac110002,passed,2025-09-15 20:15:08,7eae20a3-d233-11f0-8ce9-0050564c5b43,,feueron
d0e53cd2-b1c9-11ef-b620-0242ac110002,a11b2c3d-1111-4444-8888-1234567890ab,6cac2e12-b1c4-11ef-b620-0242ac110002,passed,2025-09-15 20:15:08,7eae20a3-d233-11f0-8ce9-0050564c5b43,,feueron
d0e53d36-b1c9-11ef-b620-0242ac110002,a11b2c3d-1111-4444-8888-1234567890ab,6ca9021d-b1c4-11ef-b620-0242ac110002,passed,2025-09-15 20:15:08,7eae20a3-d233-11f0-8ce9-0050564c5b43,,feueron
d0e53d6b-b1c9-11ef-b620-0242ac110002,a11b2c3d-1111-4444-8888-1234567890ab,6cb486c8-b1c4-11ef-b620-0242ac110002,passed,2025-09-15 20:15:08,7eae20a3-d233-11f0-8ce9-0050564c5b43,,feueron
d0e53d9d-b1c9-11ef-b620-0242ac110002,a11b2c3d-1111-4444-8888-1234567890ab,6cb8662d-b1c4-11ef-b620-0242ac110002,passed,2025-09-15 20:15:08,7eae20a3-d233-11f0-8ce9-0050564c5b43,,feueron
d0e53dc6-b1c9-11ef-b620-0242ac110002,a11b2c3d-1111-4444-8888-1234567890ab,6caa8267-b1c4-11ef-b620-0242ac110002,passed,2025-09-15 20:15:08,7eae20a3-d233-11f0-8ce9-0050564c5b43,,feueron
d0e53df3-b1c9-11ef-b620-0242ac110002,a11b2c3d-1111-4444-8888-1234567890ab,6ca7e067-b1c4-11ef-b620-0242ac110002,passed,2025-09-15 20:15:08,7eae20a3-d233-11f0-8ce9-0050564c5b43,,feueron
d0e53e20-b1c9-11ef-b620-0242ac110002,a11b2c3d-1111-4444-8888-1234567890ab,6cb33f49-b1c4-11ef-b620-0242ac110002,passed,2025-09-15 20:15:08,7eae20a3-d233-11f0-8ce9-0050564c5b43,,feueron
d0e53e48-b1c9-11ef-b620-0242ac110002,a11b2c3d-1111-4444-8888-1234567890ab,6ca43f84-b1c4-11ef-b620-0242ac110002,passed,2025-09-15 20:15:08,7eae20a3-d233-11f0-8ce9-0050564c5b43,,feueron
d0fa1ee5-0822-11f1-9c6b-0050564c5b43,01ri8934-1111-6666-7777-890123456789,e4c9ae9c-0aff-11f0-9250-0050564c5b43,passed,2026-02-12 14:55:05,7eae20a3-d233-11f0-8ce9-0050564c5b43,2028-10-07,feueron
d10c109a-0822-11f1-9c6b-0050564c5b43,01ri8934-1111-6666-7777-890123456789,81b428dd-0b00-11f0-9250-0050564c5b43,passed,2026-02-12 14:55:05,7eae20a3-d233-11f0-8ce9-0050564c5b43,2026-10-27,feueron
d11dd708-0822-11f1-9c6b-0050564c5b43,01ri8934-1111-6666-7777-890123456789,81cbff32-0b00-11f0-9250-0050564c5b43,passed,2026-02-12 14:55:05,7eae20a3-d233-11f0-8ce9-0050564c5b43,2027-01-13,feueron
d1304528-0822-11f1-9c6b-0050564c5b43,01ri8934-1111-6666-7777-890123456789,81bb552f-0b00-11f0-9250-0050564c5b43,passed,2026-02-12 14:55:05,7eae20a3-d233-11f0-8ce9-0050564c5b43,2026-12-20,feueron
d16dced0-9922-11f0-818f-0050564c5b43,052d4e18-26b4-4c0c-9290-416e9e7bb6d5,81b428dd-0b00-11f0-9250-0050564c5b43,passed,2025-09-24 08:45:26,7eae20a3-d233-11f0-8ce9-0050564c5b43,2026-06-27,feueron
d17d4334-9948-11f0-818f-0050564c5b43,12ctd9045-cccc-1111-8888-90123456789,e4c9ae9c-0aff-11f0-9250-0050564c5b43,passed,2025-09-24 13:17:27,7eae20a3-d233-11f0-8ce9-0050564c5b43,2028-09-09,feueron
d1eeb7f2-081f-11f1-9c6b-0050564c5b43,b69e29c0-aa98-46b9-9c61-9556cefc17d3,81b428dd-0b00-11f0-9250-0050564c5b43,passed,2026-02-12 14:33:38,7eae20a3-d233-11f0-8ce9-0050564c5b43,2026-12-01,feueron
d2020de6-081f-11f1-9c6b-0050564c5b43,b69e29c0-aa98-46b9-9c61-9556cefc17d3,81cbff32-0b00-11f0-9250-0050564c5b43,passed,2026-02-12 14:33:38,7eae20a3-d233-11f0-8ce9-0050564c5b43,2026-11-25,feueron
d2131688-081f-11f1-9c6b-0050564c5b43,b69e29c0-aa98-46b9-9c61-9556cefc17d3,81bb552f-0b00-11f0-9250-0050564c5b43,passed,2026-02-12 14:33:38,7eae20a3-d233-11f0-8ce9-0050564c5b43,2026-12-20,feueron
d3a39ae5-bda3-11f0-be7f-0050564c5b43,6den4590-dddd-2222-3333-456789012345,6cb24b8e-b1c4-11ef-b620-0242ac110002,passed,2025-11-09 19:39:37,7eae20a3-d233-11f0-8ce9-0050564c5b43,,app
d4e89a2c-2c25-11f1-9c6b-0050564c5b43,23due0156-dddd-2222-9999-01234567890,6cb5eb2e-b1c4-11ef-b620-0242ac110002,passed,2026-03-30 10:47:22,7eae20a3-d233-11f0-8ce9-0050564c5b43,,feueron
d5580138-0821-11f1-9c6b-0050564c5b43,7e88f90a-eeee-1111-5555-456789012378,81bb552f-0b00-11f0-9250-0050564c5b43,passed,2026-02-12 14:48:03,7eae20a3-d233-11f0-8ce9-0050564c5b43,2026-12-20,feueron
d55af213-2c40-11f1-9c6b-0050564c5b43,2fc8a447-1a2e-408f-99da-b9cf17af7458,81b428dd-0b00-11f0-9250-0050564c5b43,passed,2026-03-30 14:00:38,7eae20a3-d233-11f0-8ce9-0050564c5b43,2027-02-02,feueron
d5d5685a-b1c9-11ef-b620-0242ac110002,b22c3d4e-2222-5555-9999-2345678901bc,6ca6a4d8-b1c4-11ef-b620-0242ac110002,passed,2025-09-15 20:15:08,7eae20a3-d233-11f0-8ce9-0050564c5b43,,feueron
d5d56ac6-b1c9-11ef-b620-0242ac110002,b22c3d4e-2222-5555-9999-2345678901bc,6cb9eaba-b1c4-11ef-b620-0242ac110002,passed,2025-09-15 20:15:08,7eae20a3-d233-11f0-8ce9-0050564c5b43,,feueron
d5d56b0f-b1c9-11ef-b620-0242ac110002,b22c3d4e-2222-5555-9999-2345678901bc,6ca9021d-b1c4-11ef-b620-0242ac110002,passed,2025-09-15 20:15:08,7eae20a3-d233-11f0-8ce9-0050564c5b43,,feueron
d5d56b45-b1c9-11ef-b620-0242ac110002,b22c3d4e-2222-5555-9999-2345678901bc,6caa8267-b1c4-11ef-b620-0242ac110002,passed,2025-09-15 20:15:08,7eae20a3-d233-11f0-8ce9-0050564c5b43,,feueron
d5d56b77-b1c9-11ef-b620-0242ac110002,b22c3d4e-2222-5555-9999-2345678901bc,6ca7e067-b1c4-11ef-b620-0242ac110002,passed,2025-09-15 20:15:08,7eae20a3-d233-11f0-8ce9-0050564c5b43,,feueron
d5d56ba3-b1c9-11ef-b620-0242ac110002,b22c3d4e-2222-5555-9999-2345678901bc,6cb33f49-b1c4-11ef-b620-0242ac110002,passed,2025-09-15 20:15:08,7eae20a3-d233-11f0-8ce9-0050564c5b43,,feueron
d5e10572-e762-11f0-8ce9-0050564c5b43,3594e183-54aa-4278-b3c6-07a24bdc2697,e4c9ae9c-0aff-11f0-9250-0050564c5b43,passed,2026-01-01 22:40:12,7eae20a3-d233-11f0-8ce9-0050564c5b43,2022-12-31,feueron
d5f9c6d3-e892-11f0-8ce9-0050564c5b43,e55f6071-5555-8888-cccc-5678901234ef,81cbff32-0b00-11f0-9250-0050564c5b43,passed,2026-01-03 10:56:19,7eae20a3-d233-11f0-8ce9-0050564c5b43,2026-10-13,feueron
d6aa74dd-e892-11f0-8ce9-0050564c5b43,e55f6071-5555-8888-cccc-5678901234ef,81bb552f-0b00-11f0-9250-0050564c5b43,passed,2026-01-03 10:56:21,7eae20a3-d233-11f0-8ce9-0050564c5b43,2026-12-25,feueron
d6bc4733-f9d0-11f0-9c6b-0050564c5b43,7efo5601-eeee-3333-4444-567890123456,6ca6a4d8-b1c4-11ef-b620-0242ac110002,passed,2026-01-25 09:32:59,7eae20a3-d233-11f0-8ce9-0050564c5b43,2024-02-18,feueron
d73e944e-b1d6-11ef-b620-0242ac110002,67xo4590-7777-cccc-3333-456789012345,6ca7e067-b1c4-11ef-b620-0242ac110002,passed,2025-09-15 20:15:08,7eae20a3-d233-11f0-8ce9-0050564c5b43,,feueron
d73e988c-b1d6-11ef-b620-0242ac110002,67xo4590-7777-cccc-3333-456789012345,6caa8267-b1c4-11ef-b620-0242ac110002,passed,2025-09-15 20:15:08,7eae20a3-d233-11f0-8ce9-0050564c5b43,,feueron
d73e994c-b1d6-11ef-b620-0242ac110002,67xo4590-7777-cccc-3333-456789012345,6cb5eb2e-b1c4-11ef-b620-0242ac110002,passed,2025-09-15 20:15:08,7eae20a3-d233-11f0-8ce9-0050564c5b43,,feueron
d73e9a85-b1d6-11ef-b620-0242ac110002,67xo4590-7777-cccc-3333-456789012345,6cb33f49-b1c4-11ef-b620-0242ac110002,passed,2025-09-15 20:15:08,7eae20a3-d233-11f0-8ce9-0050564c5b43,,feueron
d73e9b63-b1d6-11ef-b620-0242ac110002,67xo4590-7777-cccc-3333-456789012345,6cb9eaba-b1c4-11ef-b620-0242ac110002,passed,2025-09-15 20:15:08,7eae20a3-d233-11f0-8ce9-0050564c5b43,,feueron
d73e9c04-b1d6-11ef-b620-0242ac110002,67xo4590-7777-cccc-3333-456789012345,6ca9021d-b1c4-11ef-b620-0242ac110002,passed,2025-09-15 20:15:08,7eae20a3-d233-11f0-8ce9-0050564c5b43,,feueron
d7bb9cc8-bda1-11f0-be7f-0050564c5b43,3a44b5c6-aaaa-dddd-1111-012345678934,6cb24b8e-b1c4-11ef-b620-0242ac110002,passed,2025-11-09 19:25:25,7eae20a3-d233-11f0-8ce9-0050564c5b43,,app
d83622ef-940d-11f0-93be-0050564c5b43,3d3cac78-13af-4a2e-84c1-dc2e6a83eeee,6ca7e067-b1c4-11ef-b620-0242ac110002,passed,2025-09-17 21:32:43,7eae20a3-d233-11f0-8ce9-0050564c5b43,2025-09-08,app
d841f6d6-e890-11f0-8ce9-0050564c5b43,63a16d7d-db4f-4e2c-977d-3c384b92b6fa,81bb552f-0b00-11f0-9250-0050564c5b43,passed,2026-01-03 10:42:04,7eae20a3-d233-11f0-8ce9-0050564c5b43,2026-04-27,feueron
d84b037e-247d-11f0-a302-0050564c5b43,f6607182-6666-9999-dddd-6789012345f0,b3d855bf-0bc5-11f0-9250-0050564c5b43,passed,2025-09-15 20:15:08,7eae20a3-d233-11f0-8ce9-0050564c5b43,,feueron
d911810c-f9cc-11f0-9c6b-0050564c5b43,1f36d1aa-a322-49c3-89ea-98ae61c5e6c1,81b428dd-0b00-11f0-9250-0050564c5b43,passed,2026-01-25 09:04:25,7eae20a3-d233-11f0-8ce9-0050564c5b43,2026-10-26,feueron
d95a3c7b-f9cc-11f0-9c6b-0050564c5b43,1f36d1aa-a322-49c3-89ea-98ae61c5e6c1,81bb552f-0b00-11f0-9250-0050564c5b43,passed,2026-01-25 09:04:26,7eae20a3-d233-11f0-8ce9-0050564c5b43,2026-12-19,feueron
d9bbb62a-2c40-11f1-9c6b-0050564c5b43,67xo4590-7777-cccc-3333-456789012345,81cbff32-0b00-11f0-9250-0050564c5b43,passed,2026-03-30 14:00:45,7eae20a3-d233-11f0-8ce9-0050564c5b43,2027-02-24,feueron
d9dc29bb-c01d-11f0-be7f-0050564c5b43,3d3cac78-13af-4a2e-84c1-dc2e6a83eeee,81cbff32-0b00-11f0-9250-0050564c5b43,passed,2025-11-12 23:18:08,7eae20a3-d233-11f0-8ce9-0050564c5b43,2026-10-01,app
da569b16-9923-11f0-818f-0050564c5b43,d45ef560-4444-7777-bbbb-0123456789de,6cb24b8e-b1c4-11ef-b620-0242ac110002,passed,2025-09-24 08:52:51,7eae20a3-d233-11f0-8ce9-0050564c5b43,,feueron
dacd58dc-430a-11f1-9c6b-0050564c5b43,b53adffe-4975-45ff-a03e-f68e19d03187,81b428dd-0b00-11f0-9250-0050564c5b43,passed,2026-04-28 14:02:12,7eae20a3-d233-11f0-8ce9-0050564c5b43,2027-03-09,feueron
db78f434-247d-11f0-a302-0050564c5b43,07118293-7777-aaaa-eeee-789012345601,6ca9021d-b1c4-11ef-b620-0242ac110002,passed,2025-09-15 20:15:08,7eae20a3-d233-11f0-8ce9-0050564c5b43,,feueron
dbbc03b3-2c40-11f1-9c6b-0050564c5b43,78yp5601-8888-dddd-4444-567890123456,81b428dd-0b00-11f0-9250-0050564c5b43,passed,2026-03-30 14:00:49,7eae20a3-d233-11f0-8ce9-0050564c5b43,2027-02-02,feueron
dbd93946-2c40-11f1-9c6b-0050564c5b43,78yp5601-8888-dddd-4444-567890123456,81cbff32-0b00-11f0-9250-0050564c5b43,passed,2026-03-30 14:00:49,7eae20a3-d233-11f0-8ce9-0050564c5b43,2027-02-24,feueron
dc40c3c4-b1d6-11ef-b620-0242ac110002,78yp5601-8888-dddd-4444-567890123456,6ca43f84-b1c4-11ef-b620-0242ac110002,passed,2025-09-15 20:15:08,7eae20a3-d233-11f0-8ce9-0050564c5b43,,feueron
dc40cce9-b1d6-11ef-b620-0242ac110002,78yp5601-8888-dddd-4444-567890123456,6cac2e12-b1c4-11ef-b620-0242ac110002,passed,2025-09-15 20:15:08,7eae20a3-d233-11f0-8ce9-0050564c5b43,,feueron
dc40ce33-b1d6-11ef-b620-0242ac110002,78yp5601-8888-dddd-4444-567890123456,6caa8267-b1c4-11ef-b620-0242ac110002,passed,2025-09-15 20:15:08,7eae20a3-d233-11f0-8ce9-0050564c5b43,,feueron
dc40cf48-b1d6-11ef-b620-0242ac110002,78yp5601-8888-dddd-4444-567890123456,6cb33f49-b1c4-11ef-b620-0242ac110002,passed,2025-09-15 20:15:08,7eae20a3-d233-11f0-8ce9-0050564c5b43,,feueron
dc5c0b22-010d-11f1-9c6b-0050564c5b43,90qh7823-0000-5555-6666-789012345678,6cb24b8e-b1c4-11ef-b620-0242ac110002,passed,2026-02-03 14:37:26,7eae20a3-d233-11f0-8ce9-0050564c5b43,2027-06-23,feueron
dc6f3ce0-bda3-11f0-be7f-0050564c5b43,6den4590-dddd-2222-3333-456789012345,6cb5eb2e-b1c4-11ef-b620-0242ac110002,passed,2025-11-09 19:39:52,7eae20a3-d233-11f0-8ce9-0050564c5b43,,app
dceb9947-0821-11f1-9c6b-0050564c5b43,8f99a01b-ffff-2222-6666-567890123489,6cb24b8e-b1c4-11ef-b620-0242ac110002,passed,2026-02-12 14:48:15,7eae20a3-d233-11f0-8ce9-0050564c5b43,2027-07-24,feueron
dd8790c8-bda1-11f0-be7f-0050564c5b43,3a44b5c6-aaaa-dddd-1111-012345678934,b3d855bf-0bc5-11f0-9250-0050564c5b43,passed,2025-11-09 19:25:35,7eae20a3-d233-11f0-8ce9-0050564c5b43,,app
de0de26b-9948-11f0-818f-0050564c5b43,c65b3343-e4f0-43e1-8575-1c38e5549386,6cb24b8e-b1c4-11ef-b620-0242ac110002,passed,2025-09-24 13:17:49,7eae20a3-d233-11f0-8ce9-0050564c5b43,2029-04-07,feueron
de8d88e9-247d-11f0-a302-0050564c5b43,182293a4-8888-bbbb-ffff-890123456712,6cac2e12-b1c4-11ef-b620-0242ac110002,passed,2025-09-15 20:15:08,7eae20a3-d233-11f0-8ce9-0050564c5b43,,feueron
de95e4a8-247d-11f0-a302-0050564c5b43,182293a4-8888-bbbb-ffff-890123456712,6ca43f84-b1c4-11ef-b620-0242ac110002,passed,2025-09-15 20:15:08,7eae20a3-d233-11f0-8ce9-0050564c5b43,,feueron
debccef1-0af0-11f0-9250-0050564c5b43,2adce8e9-3ee3-4303-b4aa-23dfb53e4af8,6caa8267-b1c4-11ef-b620-0242ac110002,passed,2025-09-15 20:15:08,7eae20a3-d233-11f0-8ce9-0050564c5b43,,feueron
debce8f3-0af0-11f0-9250-0050564c5b43,2adce8e9-3ee3-4303-b4aa-23dfb53e4af8,6ca6a4d8-b1c4-11ef-b620-0242ac110002,passed,2025-09-15 20:15:08,7eae20a3-d233-11f0-8ce9-0050564c5b43,,feueron
debce925-0af0-11f0-9250-0050564c5b43,2adce8e9-3ee3-4303-b4aa-23dfb53e4af8,6cb9eaba-b1c4-11ef-b620-0242ac110002,passed,2025-09-15 20:15:08,7eae20a3-d233-11f0-8ce9-0050564c5b43,,feueron
debceac7-0af0-11f0-9250-0050564c5b43,2adce8e9-3ee3-4303-b4aa-23dfb53e4af8,6cb33f49-b1c4-11ef-b620-0242ac110002,passed,2025-09-15 20:15:08,7eae20a3-d233-11f0-8ce9-0050564c5b43,,feueron
debceea5-0af0-11f0-9250-0050564c5b43,2adce8e9-3ee3-4303-b4aa-23dfb53e4af8,6cb8662d-b1c4-11ef-b620-0242ac110002,passed,2025-09-15 20:15:08,7eae20a3-d233-11f0-8ce9-0050564c5b43,,feueron
debcf3f2-0af0-11f0-9250-0050564c5b43,2adce8e9-3ee3-4303-b4aa-23dfb53e4af8,6ca9021d-b1c4-11ef-b620-0242ac110002,passed,2025-09-15 20:15:08,7eae20a3-d233-11f0-8ce9-0050564c5b43,,feueron
debd022d-0af0-11f0-9250-0050564c5b43,2adce8e9-3ee3-4303-b4aa-23dfb53e4af8,6cb5eb2e-b1c4-11ef-b620-0242ac110002,passed,2025-09-15 20:15:08,7eae20a3-d233-11f0-8ce9-0050564c5b43,,feueron
df560e68-9302-11f0-93be-0050564c5b43,3d3cac78-13af-4a2e-84c1-dc2e6a83eeee,010e253a-0be3-11f0-9250-0050564c5b43,passed,2025-09-16 13:41:39,7eae20a3-d233-11f0-8ce9-0050564c5b43,,feueron
dfc0ee4d-010d-11f1-9c6b-0050564c5b43,90qh7823-0000-5555-6666-789012345678,81bb552f-0b00-11f0-9250-0050564c5b43,passed,2026-02-03 14:37:32,7eae20a3-d233-11f0-8ce9-0050564c5b43,2026-06-08,feueron
dfdd4ddb-247d-11f0-a302-0050564c5b43,3a44b5c6-aaaa-dddd-1111-012345678934,6ca9021d-b1c4-11ef-b620-0242ac110002,passed,2025-09-15 20:15:08,7eae20a3-d233-11f0-8ce9-0050564c5b43,,feueron
e033ad26-9921-11f0-818f-0050564c5b43,e01acdb7-36a7-4c26-8009-4a72e3143ec8,81cbff32-0b00-11f0-9250-0050564c5b43,passed,2025-09-24 08:38:42,7eae20a3-d233-11f0-8ce9-0050564c5b43,2026-08-25,feueron
e0722630-0822-11f1-9c6b-0050564c5b43,12sj9045-2222-7777-8888-901234567890,81b428dd-0b00-11f0-9250-0050564c5b43,passed,2026-02-12 14:55:31,7eae20a3-d233-11f0-8ce9-0050564c5b43,2026-10-27,feueron
e072b0ca-9921-11f0-818f-0050564c5b43,e01acdb7-36a7-4c26-8009-4a72e3143ec8,81b428dd-0b00-11f0-9250-0050564c5b43,passed,2025-09-24 08:38:42,7eae20a3-d233-11f0-8ce9-0050564c5b43,2025-12-28,feueron
e072e9d7-4f6a-11f1-9c6b-0050564c5b43,90arb7823-aaaa-ffff-6666-78901234567,6cb9eaba-b1c4-11ef-b620-0242ac110002,passed,2026-05-14 07:59:47,7eae20a3-d233-11f0-8ce9-0050564c5b43,2026-06-25,app
e083c408-0822-11f1-9c6b-0050564c5b43,12sj9045-2222-7777-8888-901234567890,81bb552f-0b00-11f0-9250-0050564c5b43,passed,2026-02-12 14:55:31,7eae20a3-d233-11f0-8ce9-0050564c5b43,2026-12-21,feueron
e0a9942d-4f6a-11f1-9c6b-0050564c5b43,90arb7823-aaaa-ffff-6666-78901234567,6ca7e067-b1c4-11ef-b620-0242ac110002,passed,2026-05-14 07:59:47,7eae20a3-d233-11f0-8ce9-0050564c5b43,2026-06-25,app
e0a9a0c5-9921-11f0-818f-0050564c5b43,e01acdb7-36a7-4c26-8009-4a72e3143ec8,6cac2e12-b1c4-11ef-b620-0242ac110002,passed,2025-09-24 08:38:43,7eae20a3-d233-11f0-8ce9-0050564c5b43,,feueron
e0d7d64b-4f6a-11f1-9c6b-0050564c5b43,90arb7823-aaaa-ffff-6666-78901234567,81b428dd-0b00-11f0-9250-0050564c5b43,passed,2026-05-14 07:59:48,7eae20a3-d233-11f0-8ce9-0050564c5b43,2026-06-25,app
e0e184ae-b1c9-11ef-b620-0242ac110002,c33d4e5f-3333-6666-aaaa-3456789012cd,6cb5eb2e-b1c4-11ef-b620-0242ac110002,passed,2025-09-15 20:15:08,7eae20a3-d233-11f0-8ce9-0050564c5b43,,feueron
e0e188e2-b1c9-11ef-b620-0242ac110002,c33d4e5f-3333-6666-aaaa-3456789012cd,6cac2e12-b1c4-11ef-b620-0242ac110002,passed,2025-09-15 20:15:08,7eae20a3-d233-11f0-8ce9-0050564c5b43,,feueron
e0e18958-b1c9-11ef-b620-0242ac110002,c33d4e5f-3333-6666-aaaa-3456789012cd,6caa8267-b1c4-11ef-b620-0242ac110002,passed,2025-09-15 20:15:08,7eae20a3-d233-11f0-8ce9-0050564c5b43,,feueron
e0e189b6-b1c9-11ef-b620-0242ac110002,c33d4e5f-3333-6666-aaaa-3456789012cd,6ca7e067-b1c4-11ef-b620-0242ac110002,passed,2025-09-15 20:15:08,7eae20a3-d233-11f0-8ce9-0050564c5b43,,feueron
e0e18a02-b1c9-11ef-b620-0242ac110002,c33d4e5f-3333-6666-aaaa-3456789012cd,6cb33f49-b1c4-11ef-b620-0242ac110002,passed,2025-09-15 20:15:08,7eae20a3-d233-11f0-8ce9-0050564c5b43,,feueron
e0e18a53-b1c9-11ef-b620-0242ac110002,c33d4e5f-3333-6666-aaaa-3456789012cd,6ca43f84-b1c4-11ef-b620-0242ac110002,passed,2025-09-15 20:15:08,7eae20a3-d233-11f0-8ce9-0050564c5b43,,feueron
e0f641ec-010b-11f1-9c6b-0050564c5b43,182293a4-8888-bbbb-ffff-890123456712,81b428dd-0b00-11f0-9250-0050564c5b43,passed,2026-02-03 14:23:15,7eae20a3-d233-11f0-8ce9-0050564c5b43,2026-10-26,feueron
e106a79d-4f6a-11f1-9c6b-0050564c5b43,90arb7823-aaaa-ffff-6666-78901234567,6cb5eb2e-b1c4-11ef-b620-0242ac110002,passed,2026-05-14 07:59:48,7eae20a3-d233-11f0-8ce9-0050564c5b43,2026-06-25,app
e1355161-4f6a-11f1-9c6b-0050564c5b43,90arb7823-aaaa-ffff-6666-78901234567,b3d855bf-0bc5-11f0-9250-0050564c5b43,passed,2026-05-14 07:59:48,7eae20a3-d233-11f0-8ce9-0050564c5b43,2026-06-25,app
e15cea54-010b-11f1-9c6b-0050564c5b43,182293a4-8888-bbbb-ffff-890123456712,81bb552f-0b00-11f0-9250-0050564c5b43,passed,2026-02-03 14:23:16,7eae20a3-d233-11f0-8ce9-0050564c5b43,2026-05-16,feueron
e1636ec6-b1d6-11ef-b620-0242ac110002,89zq6712-9999-eeee-5555-678901234567,6ca43f84-b1c4-11ef-b620-0242ac110002,passed,2025-09-15 20:15:08,7eae20a3-d233-11f0-8ce9-0050564c5b43,,feueron
e16370fa-b1d6-11ef-b620-0242ac110002,89zq6712-9999-eeee-5555-678901234567,6ca7e067-b1c4-11ef-b620-0242ac110002,passed,2025-09-15 20:15:08,7eae20a3-d233-11f0-8ce9-0050564c5b43,,feueron
e163714b-b1d6-11ef-b620-0242ac110002,89zq6712-9999-eeee-5555-678901234567,6caa8267-b1c4-11ef-b620-0242ac110002,passed,2025-09-15 20:15:08,7eae20a3-d233-11f0-8ce9-0050564c5b43,,feueron
e163719b-b1d6-11ef-b620-0242ac110002,89zq6712-9999-eeee-5555-678901234567,6cac2e12-b1c4-11ef-b620-0242ac110002,passed,2025-09-15 20:15:08,7eae20a3-d233-11f0-8ce9-0050564c5b43,,feueron
e16371df-b1d6-11ef-b620-0242ac110002,89zq6712-9999-eeee-5555-678901234567,6cad47b9-b1c4-11ef-b620-0242ac110002,passed,2025-09-15 20:15:08,7eae20a3-d233-11f0-8ce9-0050564c5b43,,feueron
e1637215-b1d6-11ef-b620-0242ac110002,89zq6712-9999-eeee-5555-678901234567,6cb33f49-b1c4-11ef-b620-0242ac110002,passed,2025-09-15 20:15:08,7eae20a3-d233-11f0-8ce9-0050564c5b43,,feueron
e1637245-b1d6-11ef-b620-0242ac110002,89zq6712-9999-eeee-5555-678901234567,6cb486c8-b1c4-11ef-b620-0242ac110002,passed,2025-09-15 20:15:08,7eae20a3-d233-11f0-8ce9-0050564c5b43,,feueron
e163726f-b1d6-11ef-b620-0242ac110002,89zq6712-9999-eeee-5555-678901234567,6cb5eb2e-b1c4-11ef-b620-0242ac110002,passed,2025-09-15 20:15:08,7eae20a3-d233-11f0-8ce9-0050564c5b43,,feueron
e16372a2-b1d6-11ef-b620-0242ac110002,89zq6712-9999-eeee-5555-678901234567,6cb8662d-b1c4-11ef-b620-0242ac110002,passed,2025-09-15 20:15:08,7eae20a3-d233-11f0-8ce9-0050564c5b43,,feueron
e163e6f3-4f6a-11f1-9c6b-0050564c5b43,90arb7823-aaaa-ffff-6666-78901234567,6cb24b8e-b1c4-11ef-b620-0242ac110002,passed,2026-05-14 07:59:49,7eae20a3-d233-11f0-8ce9-0050564c5b43,2026-06-25,app
e19add64-f9d0-11f0-9c6b-0050564c5b43,8fpg6712-ffff-4444-5555-678901234567,81b428dd-0b00-11f0-9250-0050564c5b43,passed,2026-01-25 09:33:18,7eae20a3-d233-11f0-8ce9-0050564c5b43,2026-03-16,feueron
e1d39c6c-247d-11f0-a302-0050564c5b43,06a9f6d5-8a2f-4ec7-aa5e-c1a83e7cbc2b,6ca9021d-b1c4-11ef-b620-0242ac110002,passed,2025-09-15 20:15:08,7eae20a3-d233-11f0-8ce9-0050564c5b43,,app
e209a589-bda4-11f0-be7f-0050564c5b43,6d77e8f9-dddd-0000-4444-345678901267,6cb24b8e-b1c4-11ef-b620-0242ac110002,passed,2025-11-09 19:47:11,7eae20a3-d233-11f0-8ce9-0050564c5b43,,app
e271d05d-bda1-11f0-be7f-0050564c5b43,3a44b5c6-aaaa-dddd-1111-012345678934,d5f7e46b-bd94-11f0-be7f-0050564c5b43,passed,2025-11-09 19:25:43,7eae20a3-d233-11f0-8ce9-0050564c5b43,,app
e3b7ef03-f9cc-11f0-9c6b-0050564c5b43,9669a89c-d0c9-4a9b-a3c5-c5fff8177163,6ca6a4d8-b1c4-11ef-b620-0242ac110002,passed,2026-01-25 09:04:43,7eae20a3-d233-11f0-8ce9-0050564c5b43,,feueron
e48a8ab1-0af0-11f0-9250-0050564c5b43,d4e03bf9-070f-4993-ac8e-86a806b03dfc,6cb8662d-b1c4-11ef-b620-0242ac110002,passed,2025-09-15 20:15:08,7eae20a3-d233-11f0-8ce9-0050564c5b43,,feueron
e48d6f4f-0af0-11f0-9250-0050564c5b43,d4e03bf9-070f-4993-ac8e-86a806b03dfc,6ca9021d-b1c4-11ef-b620-0242ac110002,passed,2025-09-15 20:15:08,7eae20a3-d233-11f0-8ce9-0050564c5b43,,feueron
e4968760-e892-11f0-8ce9-0050564c5b43,182293a4-8888-bbbb-ffff-890123456712,81b428dd-0b00-11f0-9250-0050564c5b43,passed,2026-01-03 10:56:44,7eae20a3-d233-11f0-8ce9-0050564c5b43,2026-10-26,feueron
e4be901f-9921-11f0-818f-0050564c5b43,052d4e18-26b4-4c0c-9290-416e9e7bb6d5,81cbff32-0b00-11f0-9250-0050564c5b43,passed,2025-09-24 08:38:49,7eae20a3-d233-11f0-8ce9-0050564c5b43,2025-09-18,feueron
e4dfac36-e892-11f0-8ce9-0050564c5b43,182293a4-8888-bbbb-ffff-890123456712,81bb552f-0b00-11f0-9250-0050564c5b43,passed,2026-01-03 10:56:44,7eae20a3-d233-11f0-8ce9-0050564c5b43,2026-05-16,feueron
e4f6b94b-9921-11f0-818f-0050564c5b43,052d4e18-26b4-4c0c-9290-416e9e7bb6d5,81b428dd-0b00-11f0-9250-0050564c5b43,passed,2025-09-24 08:38:50,7eae20a3-d233-11f0-8ce9-0050564c5b43,2026-04-11,feueron
e51ab239-9921-11f0-818f-0050564c5b43,052d4e18-26b4-4c0c-9290-416e9e7bb6d5,81b428dd-0b00-11f0-9250-0050564c5b43,passed,2025-09-24 08:38:50,7eae20a3-d233-11f0-8ce9-0050564c5b43,2026-06-27,feueron
e53cb6d8-e762-11f0-8ce9-0050564c5b43,280e80b1-ab02-4039-8546-7b9cca408a3f,e4c9ae9c-0aff-11f0-9250-0050564c5b43,passed,2026-01-01 22:40:38,7eae20a3-d233-11f0-8ce9-0050564c5b43,2022-12-31,feueron
e5a2b654-0821-11f1-9c6b-0050564c5b43,143e28f5-a324-4cf2-ba7e-a4a9eabdb1ad,e4c9ae9c-0aff-11f0-9250-0050564c5b43,passed,2026-02-12 14:48:30,7eae20a3-d233-11f0-8ce9-0050564c5b43,2020-12-31,feueron
e676675f-bda4-11f0-be7f-0050564c5b43,6d77e8f9-dddd-0000-4444-345678901267,e9c2c06e-0bfb-11f0-9250-0050564c5b43,passed,2025-11-09 19:47:18,7eae20a3-d233-11f0-8ce9-0050564c5b43,,app
e6ba3fd9-247d-11f0-a302-0050564c5b43,6d77e8f9-dddd-0000-4444-345678901267,6ca9021d-b1c4-11ef-b620-0242ac110002,passed,2025-09-15 20:15:08,7eae20a3-d233-11f0-8ce9-0050564c5b43,,feueron
e6bf4615-247d-11f0-a302-0050564c5b43,6d77e8f9-dddd-0000-4444-345678901267,6ca6a4d8-b1c4-11ef-b620-0242ac110002,passed,2025-09-15 20:15:08,7eae20a3-d233-11f0-8ce9-0050564c5b43,,feueron
e71daee0-9923-11f0-818f-0050564c5b43,f581adcb-09a5-4ed9-82f5-b3f8551cae3b,6ca6a4d8-b1c4-11ef-b620-0242ac110002,passed,2025-09-24 08:53:12,7eae20a3-d233-11f0-8ce9-0050564c5b43,,feueron
e798d845-010a-11f1-9c6b-0050564c5b43,3d3cac78-13af-4a2e-84c1-dc2e6a83eeee,81b428dd-0b00-11f0-9250-0050564c5b43,passed,2026-02-03 14:16:17,7eae20a3-d233-11f0-8ce9-0050564c5b43,2026-11-30,feueron
e80e67be-010a-11f1-9c6b-0050564c5b43,3d3cac78-13af-4a2e-84c1-dc2e6a83eeee,81bb552f-0b00-11f0-9250-0050564c5b43,passed,2026-02-03 14:16:17,7eae20a3-d233-11f0-8ce9-0050564c5b43,2026-04-27,feueron
e8591013-e763-11f0-8ce9-0050564c5b43,c34de45f-3333-6666-aaaa-9012345678cd,e4c9ae9c-0aff-11f0-9250-0050564c5b43,passed,2026-01-01 22:47:53,7eae20a3-d233-11f0-8ce9-0050564c5b43,2022-12-31,feueron
e89a1b9f-e892-11f0-8ce9-0050564c5b43,2933a4b5-9999-cccc-0000-901234567823,81b428dd-0b00-11f0-9250-0050564c5b43,passed,2026-01-03 10:56:51,7eae20a3-d233-11f0-8ce9-0050564c5b43,2026-11-30,feueron
e8cbed53-994e-11f0-818f-0050564c5b43,e55f6071-5555-8888-cccc-5678901234ef,896a89a8-98d9-11f0-818f-0050564c5b43,passed,2025-09-24 14:01:04,7eae20a3-d233-11f0-8ce9-0050564c5b43,2030-08-23,feueron
e8e326be-e892-11f0-8ce9-0050564c5b43,2933a4b5-9999-cccc-0000-901234567823,81bb552f-0b00-11f0-9250-0050564c5b43,passed,2026-01-03 10:56:51,7eae20a3-d233-11f0-8ce9-0050564c5b43,2026-12-21,feueron
e8ef896c-9921-11f0-818f-0050564c5b43,b69e29c0-aa98-46b9-9c61-9556cefc17d3,81cbff32-0b00-11f0-9250-0050564c5b43,passed,2025-09-24 08:38:56,7eae20a3-d233-11f0-8ce9-0050564c5b43,2025-10-01,feueron
e9107673-e88f-11f0-8ce9-0050564c5b43,23due0156-dddd-2222-9999-01234567890,81bb552f-0b00-11f0-9250-0050564c5b43,passed,2026-01-03 10:35:23,7eae20a3-d233-11f0-8ce9-0050564c5b43,2026-12-23,feueron
e9130736-9921-11f0-818f-0050564c5b43,b69e29c0-aa98-46b9-9c61-9556cefc17d3,e4c9ae9c-0aff-11f0-9250-0050564c5b43,passed,2025-09-24 08:38:57,7eae20a3-d233-11f0-8ce9-0050564c5b43,2028-05-07,feueron
e93676b8-010c-11f1-9c6b-0050564c5b43,d45ef560-4444-7777-bbbb-0123456789de,6ca6a4d8-b1c4-11ef-b620-0242ac110002,passed,2026-02-03 14:30:38,7eae20a3-d233-11f0-8ce9-0050564c5b43,2022-11-22,feueron
e9401c4f-9921-11f0-818f-0050564c5b43,b69e29c0-aa98-46b9-9c61-9556cefc17d3,81b428dd-0b00-11f0-9250-0050564c5b43,passed,2025-09-24 08:38:57,7eae20a3-d233-11f0-8ce9-0050564c5b43,2026-08-24,feueron
e9574963-a374-11f0-818f-0050564c5b43,3d3cac78-13af-4a2e-84c1-dc2e6a83eeee,010e253a-0be3-11f0-9250-0050564c5b43,passed,2025-10-07 11:58:17,7eae20a3-d233-11f0-8ce9-0050564c5b43,2025-09-30,app
e9c8229b-e88f-11f0-8ce9-0050564c5b43,23due0156-dddd-2222-9999-01234567890,e4c9ae9c-0aff-11f0-9250-0050564c5b43,passed,2026-01-03 10:35:24,7eae20a3-d233-11f0-8ce9-0050564c5b43,2028-10-14,feueron
ea461451-9466-11f0-879b-0050564c5b43,3d3cac78-13af-4a2e-84c1-dc2e6a83eeee,6ca7e067-b1c4-11ef-b620-0242ac110002,passed,2025-09-18 08:10:18,7eae20a3-d233-11f0-8ce9-0050564c5b43,,app
ea7d8c04-247d-11f0-a302-0050564c5b43,8f99a01b-ffff-2222-6666-567890123489,6ca9021d-b1c4-11ef-b620-0242ac110002,passed,2025-09-15 20:15:08,7eae20a3-d233-11f0-8ce9-0050564c5b43,,feueron
eaf3216f-0af0-11f0-9250-0050564c5b43,b30d69f9-dcdd-45e7-bbc9-4694c4a86edb,6cb33f49-b1c4-11ef-b620-0242ac110002,passed,2025-09-15 20:15:08,7eae20a3-d233-11f0-8ce9-0050564c5b43,,app
eaf326ce-0af0-11f0-9250-0050564c5b43,b30d69f9-dcdd-45e7-bbc9-4694c4a86edb,6ca43f84-b1c4-11ef-b620-0242ac110002,passed,2025-09-15 20:15:08,7eae20a3-d233-11f0-8ce9-0050564c5b43,,app
eaf328e1-0af0-11f0-9250-0050564c5b43,b30d69f9-dcdd-45e7-bbc9-4694c4a86edb,6caa8267-b1c4-11ef-b620-0242ac110002,passed,2025-09-15 20:15:08,7eae20a3-d233-11f0-8ce9-0050564c5b43,,app
eaf32928-0af0-11f0-9250-0050564c5b43,b30d69f9-dcdd-45e7-bbc9-4694c4a86edb,6cac2e12-b1c4-11ef-b620-0242ac110002,passed,2025-09-15 20:15:08,7eae20a3-d233-11f0-8ce9-0050564c5b43,,app
eaf32a7e-0af0-11f0-9250-0050564c5b43,b30d69f9-dcdd-45e7-bbc9-4694c4a86edb,6ca7e067-b1c4-11ef-b620-0242ac110002,passed,2025-09-15 20:15:08,7eae20a3-d233-11f0-8ce9-0050564c5b43,,app
eb8dc4dd-e762-11f0-8ce9-0050564c5b43,c65b3343-e4f0-43e1-8575-1c38e5549386,e4c9ae9c-0aff-11f0-9250-0050564c5b43,passed,2026-01-01 22:40:49,7eae20a3-d233-11f0-8ce9-0050564c5b43,2022-12-31,feueron
eb97f2d7-247d-11f0-a302-0050564c5b43,96152a83-104d-4e4f-80c3-02c5cb671da5,6ca9021d-b1c4-11ef-b620-0242ac110002,passed,2025-09-15 20:15:08,7eae20a3-d233-11f0-8ce9-0050564c5b43,,app
ec6088d0-bda1-11f0-be7f-0050564c5b43,3a44b5c6-aaaa-dddd-1111-012345678934,6ca43f84-b1c4-11ef-b620-0242ac110002,passed,2025-11-09 19:26:00,7eae20a3-d233-11f0-8ce9-0050564c5b43,,app
ec6f81f4-e892-11f0-8ce9-0050564c5b43,3a44b5c6-aaaa-dddd-1111-012345678934,81b428dd-0b00-11f0-9250-0050564c5b43,passed,2026-01-03 10:56:57,7eae20a3-d233-11f0-8ce9-0050564c5b43,2026-10-10,feueron
ec813f14-27ac-11f0-a302-0050564c5b43,ae9b72da-bcd3-40f7-ac31-19f8b168c0b5,6cb9eaba-b1c4-11ef-b620-0242ac110002,passed,2025-09-15 20:15:08,7eae20a3-d233-11f0-8ce9-0050564c5b43,,feueron
ecb89598-e892-11f0-8ce9-0050564c5b43,3a44b5c6-aaaa-dddd-1111-012345678934,81bb552f-0b00-11f0-9250-0050564c5b43,passed,2026-01-03 10:56:58,7eae20a3-d233-11f0-8ce9-0050564c5b43,2026-12-19,feueron
ed115a91-f9cd-11f0-9c6b-0050564c5b43,3d3cac78-13af-4a2e-84c1-dc2e6a83eeee,b3d855bf-0bc5-11f0-9250-0050564c5b43,passed,2026-01-25 09:12:08,7eae20a3-d233-11f0-8ce9-0050564c5b43,,feueron
ed28366a-0aff-11f0-9250-0050564c5b43,90qh7823-0000-5555-6666-789012345678,e4c9ae9c-0aff-11f0-9250-0050564c5b43,passed,2025-09-15 20:15:08,7eae20a3-d233-11f0-8ce9-0050564c5b43,2025-11-30,app
ed40ee33-9921-11f0-818f-0050564c5b43,85412c95-9ed2-4f6e-9359-431a0d3f9ebd,6caa8267-b1c4-11ef-b620-0242ac110002,passed,2025-09-24 08:39:04,7eae20a3-d233-11f0-8ce9-0050564c5b43,,feueron
ed68dc9c-9466-11f0-879b-0050564c5b43,3d3cac78-13af-4a2e-84c1-dc2e6a83eeee,6cb8662d-b1c4-11ef-b620-0242ac110002,not-passed,2025-09-18 08:10:23,7eae20a3-d233-11f0-8ce9-0050564c5b43,,app
ed695742-e763-11f0-8ce9-0050564c5b43,d45ef560-4444-7777-bbbb-0123456789de,e4c9ae9c-0aff-11f0-9250-0050564c5b43,passed,2026-01-01 22:48:01,7eae20a3-d233-11f0-8ce9-0050564c5b43,2022-12-31,feueron
ed71201d-9921-11f0-818f-0050564c5b43,85412c95-9ed2-4f6e-9359-431a0d3f9ebd,6cb0cd30-b1c4-11ef-b620-0242ac110002,passed,2025-09-24 08:39:04,7eae20a3-d233-11f0-8ce9-0050564c5b43,,feueron
edd0755f-f9d0-11f0-9c6b-0050564c5b43,90qh7823-0000-5555-6666-789012345678,6cb24b8e-b1c4-11ef-b620-0242ac110002,passed,2026-01-25 09:33:38,7eae20a3-d233-11f0-8ce9-0050564c5b43,2027-06-23,feueron
edd7a392-247d-11f0-a302-0050564c5b43,a12bc23d-1111-4444-8888-7890123456ab,6cb24b8e-b1c4-11ef-b620-0242ac110002,passed,2025-09-15 20:15:08,7eae20a3-d233-11f0-8ce9-0050564c5b43,,feueron
ee22ebd9-0af0-11f0-9250-0050564c5b43,b9a5cb4a-fa70-4276-a874-874a19d560ce,6cb5eb2e-b1c4-11ef-b620-0242ac110002,passed,2025-09-15 20:15:08,7eae20a3-d233-11f0-8ce9-0050564c5b43,,app
ee22ebdc-0af0-11f0-9250-0050564c5b43,b9a5cb4a-fa70-4276-a874-874a19d560ce,6ca7e067-b1c4-11ef-b620-0242ac110002,passed,2025-09-15 20:15:08,7eae20a3-d233-11f0-8ce9-0050564c5b43,,app
ee22ee23-0af0-11f0-9250-0050564c5b43,b9a5cb4a-fa70-4276-a874-874a19d560ce,6caa8267-b1c4-11ef-b620-0242ac110002,passed,2025-09-15 20:15:08,7eae20a3-d233-11f0-8ce9-0050564c5b43,,app
ee22fd0c-0af0-11f0-9250-0050564c5b43,b9a5cb4a-fa70-4276-a874-874a19d560ce,6cac2e12-b1c4-11ef-b620-0242ac110002,passed,2025-09-15 20:15:08,7eae20a3-d233-11f0-8ce9-0050564c5b43,,app
ee2303f0-0af0-11f0-9250-0050564c5b43,b9a5cb4a-fa70-4276-a874-874a19d560ce,6cb33f49-b1c4-11ef-b620-0242ac110002,passed,2025-09-15 20:15:08,7eae20a3-d233-11f0-8ce9-0050564c5b43,,app
ee25e505-0af0-11f0-9250-0050564c5b43,b9a5cb4a-fa70-4276-a874-874a19d560ce,6ca43f84-b1c4-11ef-b620-0242ac110002,passed,2025-09-15 20:15:08,7eae20a3-d233-11f0-8ce9-0050564c5b43,,app
ee2b6579-0aff-11f0-9250-0050564c5b43,01ri8934-1111-6666-7777-890123456789,e4c9ae9c-0aff-11f0-9250-0050564c5b43,passed,2025-09-15 20:15:08,7eae20a3-d233-11f0-8ce9-0050564c5b43,2025-10-19,app
ee5fc176-a20b-11f0-818f-0050564c5b43,3d3cac78-13af-4a2e-84c1-dc2e6a83eeee,4d1593a6-32a2-11f0-a302-0050564c5b43,passed,2025-10-05 16:54:17,7eae20a3-d233-11f0-8ce9-0050564c5b43,2029-05-15,app
ee85b00d-f9d0-11f0-9c6b-0050564c5b43,90qh7823-0000-5555-6666-789012345678,aaaf8d2f-98d9-11f0-818f-0050564c5b43,passed,2026-01-25 09:33:39,7eae20a3-d233-11f0-8ce9-0050564c5b43,,feueron
eeff97d0-e890-11f0-8ce9-0050564c5b43,a11b2c3d-1111-4444-8888-1234567890ab,aaaf8d2f-98d9-11f0-818f-0050564c5b43,passed,2026-01-03 10:42:42,7eae20a3-d233-11f0-8ce9-0050564c5b43,,feueron
ef108a7d-247d-11f0-a302-0050564c5b43,d45ef560-4444-7777-bbbb-0123456789de,e9c2c06e-0bfb-11f0-9250-0050564c5b43,passed,2025-09-15 20:15:08,7eae20a3-d233-11f0-8ce9-0050564c5b43,,feueron
ef4ad271-27af-11f0-a302-0050564c5b43,45vm2378-5555-aaaa-1111-234567890123,b3d855bf-0bc5-11f0-9250-0050564c5b43,passed,2025-09-15 20:15:08,7eae20a3-d233-11f0-8ce9-0050564c5b43,,feueron
ef9cfbac-010d-11f1-9c6b-0050564c5b43,01ri8934-1111-6666-7777-890123456789,e4c9ae9c-0aff-11f0-9250-0050564c5b43,passed,2026-02-03 14:37:59,7eae20a3-d233-11f0-8ce9-0050564c5b43,2028-10-06,feueron
efcbeec7-010b-11f1-9c6b-0050564c5b43,2933a4b5-9999-cccc-0000-901234567823,81b428dd-0b00-11f0-9250-0050564c5b43,passed,2026-02-03 14:23:40,7eae20a3-d233-11f0-8ce9-0050564c5b43,2026-11-30,feueron
efd18568-0aff-11f0-9250-0050564c5b43,12sj9045-2222-7777-8888-901234567890,e4c9ae9c-0aff-11f0-9250-0050564c5b43,passed,2025-09-15 20:15:08,7eae20a3-d233-11f0-8ce9-0050564c5b43,2028-03-02,app
efdd1427-bda1-11f0-be7f-0050564c5b43,3a44b5c6-aaaa-dddd-1111-012345678934,6cac2e12-b1c4-11ef-b620-0242ac110002,passed,2025-11-09 19:26:05,7eae20a3-d233-11f0-8ce9-0050564c5b43,,app
efe6ba70-010d-11f1-9c6b-0050564c5b43,01ri8934-1111-6666-7777-890123456789,81b428dd-0b00-11f0-9250-0050564c5b43,passed,2026-02-03 14:37:59,7eae20a3-d233-11f0-8ce9-0050564c5b43,2026-10-26,feueron
f0151223-010b-11f1-9c6b-0050564c5b43,2933a4b5-9999-cccc-0000-901234567823,81bb552f-0b00-11f0-9250-0050564c5b43,passed,2026-02-03 14:23:40,7eae20a3-d233-11f0-8ce9-0050564c5b43,2026-12-21,feueron
f02f18b1-010d-11f1-9c6b-0050564c5b43,01ri8934-1111-6666-7777-890123456789,81cbff32-0b00-11f0-9250-0050564c5b43,passed,2026-02-03 14:37:59,7eae20a3-d233-11f0-8ce9-0050564c5b43,2027-01-12,feueron
f077668c-010d-11f1-9c6b-0050564c5b43,01ri8934-1111-6666-7777-890123456789,81bb552f-0b00-11f0-9250-0050564c5b43,passed,2026-02-03 14:38:00,7eae20a3-d233-11f0-8ce9-0050564c5b43,2026-12-19,feueron
f0cede8d-4309-11f1-9c6b-0050564c5b43,e85dcc7f-963b-4c98-ae93-1930b01c6ced,6ca6a4d8-b1c4-11ef-b620-0242ac110002,passed,2026-04-28 13:55:39,7eae20a3-d233-11f0-8ce9-0050564c5b43,,feueron
f120e4f9-b1c9-11ef-b620-0242ac110002,d44e5f60-4444-7777-bbbb-4567890123de,6cb9eaba-b1c4-11ef-b620-0242ac110002,passed,2025-09-15 20:15:08,7eae20a3-d233-11f0-8ce9-0050564c5b43,,app
f120ef89-b1c9-11ef-b620-0242ac110002,d44e5f60-4444-7777-bbbb-4567890123de,6ca9021d-b1c4-11ef-b620-0242ac110002,passed,2025-09-15 20:15:08,7eae20a3-d233-11f0-8ce9-0050564c5b43,,app
f120f0e9-b1c9-11ef-b620-0242ac110002,d44e5f60-4444-7777-bbbb-4567890123de,6cb8662d-b1c4-11ef-b620-0242ac110002,passed,2025-09-15 20:15:08,7eae20a3-d233-11f0-8ce9-0050564c5b43,,app
f120f18c-b1c9-11ef-b620-0242ac110002,d44e5f60-4444-7777-bbbb-4567890123de,6ca7e067-b1c4-11ef-b620-0242ac110002,passed,2025-09-15 20:15:08,7eae20a3-d233-11f0-8ce9-0050564c5b43,,app
f120f244-b1c9-11ef-b620-0242ac110002,d44e5f60-4444-7777-bbbb-4567890123de,6caa8267-b1c4-11ef-b620-0242ac110002,passed,2025-09-15 20:15:08,7eae20a3-d233-11f0-8ce9-0050564c5b43,,app
f14a0265-e892-11f0-8ce9-0050564c5b43,4b55c6d7-bbbb-eeee-2222-123456789045,6ca6a4d8-b1c4-11ef-b620-0242ac110002,passed,2026-01-03 10:57:05,7eae20a3-d233-11f0-8ce9-0050564c5b43,,feueron
f16d1ce4-f9d0-11f0-9c6b-0050564c5b43,90qh7823-0000-5555-6666-789012345678,81bb552f-0b00-11f0-9250-0050564c5b43,passed,2026-01-25 09:33:44,7eae20a3-d233-11f0-8ce9-0050564c5b43,2026-06-08,feueron
f1ac2e3f-081f-11f1-9c6b-0050564c5b43,12ctd9045-cccc-1111-8888-90123456789,81b428dd-0b00-11f0-9250-0050564c5b43,passed,2026-02-12 14:34:31,7eae20a3-d233-11f0-8ce9-0050564c5b43,2026-12-01,feueron
f1d17ed5-081f-11f1-9c6b-0050564c5b43,12ctd9045-cccc-1111-8888-90123456789,81bb552f-0b00-11f0-9250-0050564c5b43,passed,2026-02-12 14:34:31,7eae20a3-d233-11f0-8ce9-0050564c5b43,2026-12-22,feueron
f1eb1472-e765-11f0-8ce9-0050564c5b43,a11b2c3d-1111-4444-8888-1234567890ab,81b428dd-0b00-11f0-9250-0050564c5b43,passed,2026-01-01 23:02:28,7eae20a3-d233-11f0-8ce9-0050564c5b43,,feueron
f1fe485d-9921-11f0-818f-0050564c5b43,3594e183-54aa-4278-b3c6-07a24bdc2697,6cb24b8e-b1c4-11ef-b620-0242ac110002,passed,2025-09-24 08:39:12,7eae20a3-d233-11f0-8ce9-0050564c5b43,,feueron
f205ae1a-e765-11f0-8ce9-0050564c5b43,a11b2c3d-1111-4444-8888-1234567890ab,81cbff32-0b00-11f0-9250-0050564c5b43,passed,2026-01-01 23:02:28,7eae20a3-d233-11f0-8ce9-0050564c5b43,,feueron
f21831f8-e765-11f0-8ce9-0050564c5b43,a11b2c3d-1111-4444-8888-1234567890ab,e4c9ae9c-0aff-11f0-9250-0050564c5b43,passed,2026-01-01 23:02:28,7eae20a3-d233-11f0-8ce9-0050564c5b43,2020-02-12,feueron
f22008af-3657-11f1-9c6b-0050564c5b43,b53adffe-4975-45ff-a03e-f68e19d03187,81b428dd-0b00-11f0-9250-0050564c5b43,passed,2026-04-12 10:11:17,7eae20a3-d233-11f0-8ce9-0050564c5b43,2027-03-08,feueron
f228a0eb-9923-11f0-818f-0050564c5b43,f67g7823-6666-bbbb-cccc-7890123456de,81cbff32-0b00-11f0-9250-0050564c5b43,passed,2025-09-24 08:53:31,7eae20a3-d233-11f0-8ce9-0050564c5b43,2026-05-20,feueron
f24c5882-9466-11f0-879b-0050564c5b43,3d3cac78-13af-4a2e-84c1-dc2e6a83eeee,6cad47b9-b1c4-11ef-b620-0242ac110002,not-passed,2025-09-18 08:10:32,7eae20a3-d233-11f0-8ce9-0050564c5b43,,app
f27a44f1-247d-11f0-a302-0050564c5b43,e7637832-e0d4-4d90-81ca-33e6225b9dc3,6ca6a4d8-b1c4-11ef-b620-0242ac110002,passed,2025-09-15 20:15:08,7eae20a3-d233-11f0-8ce9-0050564c5b43,,feueron
f2bc974f-941b-11f0-93be-0050564c5b43,3d3cac78-13af-4a2e-84c1-dc2e6a83eeee,6ca6a4d8-b1c4-11ef-b620-0242ac110002,passed,2025-09-17 23:13:40,7eae20a3-d233-11f0-8ce9-0050564c5b43,,app
f2d55b03-e892-11f0-8ce9-0050564c5b43,5c66d7e8-cccc-ffff-3333-234567890156,6ca6a4d8-b1c4-11ef-b620-0242ac110002,passed,2026-01-03 10:57:08,7eae20a3-d233-11f0-8ce9-0050564c5b43,2024-05-23,feueron
f2e66a2d-0af0-11f0-9250-0050564c5b43,37f952c0-4fde-4650-9032-377576ca9acb,6caa8267-b1c4-11ef-b620-0242ac110002,passed,2025-09-15 20:15:08,7eae20a3-d233-11f0-8ce9-0050564c5b43,,app
f2e67ab9-0af0-11f0-9250-0050564c5b43,37f952c0-4fde-4650-9032-377576ca9acb,6ca9021d-b1c4-11ef-b620-0242ac110002,passed,2025-09-15 20:15:08,7eae20a3-d233-11f0-8ce9-0050564c5b43,,app
f2e97eef-0af0-11f0-9250-0050564c5b43,37f952c0-4fde-4650-9032-377576ca9acb,6ca6a4d8-b1c4-11ef-b620-0242ac110002,attended,2025-09-15 20:15:08,7eae20a3-d233-11f0-8ce9-0050564c5b43,,app
f3243a00-9922-11f0-818f-0050564c5b43,c65b3343-e4f0-43e1-8575-1c38e5549386,81bb552f-0b00-11f0-9250-0050564c5b43,passed,2025-09-24 08:46:23,7eae20a3-d233-11f0-8ce9-0050564c5b43,2025-05-06,feueron
f379ff9f-27af-11f0-a302-0050564c5b43,56wn3489-6666-bbbb-2222-345678901234,b3d855bf-0bc5-11f0-9250-0050564c5b43,passed,2025-09-15 20:15:08,7eae20a3-d233-11f0-8ce9-0050564c5b43,,feueron
f3851eaf-bda1-11f0-be7f-0050564c5b43,3a44b5c6-aaaa-dddd-1111-012345678934,6cad47b9-b1c4-11ef-b620-0242ac110002,passed,2025-11-09 19:26:12,7eae20a3-d233-11f0-8ce9-0050564c5b43,,app
f3ba97e1-9922-11f0-818f-0050564c5b43,c65b3343-e4f0-43e1-8575-1c38e5549386,6cb24b8e-b1c4-11ef-b620-0242ac110002,passed,2025-09-24 08:46:24,7eae20a3-d233-11f0-8ce9-0050564c5b43,2029-04-07,feueron
f3dcdb9e-9922-11f0-818f-0050564c5b43,c65b3343-e4f0-43e1-8575-1c38e5549386,896a89a8-98d9-11f0-818f-0050564c5b43,passed,2025-09-24 08:46:24,7eae20a3-d233-11f0-8ce9-0050564c5b43,,feueron
f3e3618e-0aff-11f0-9250-0050564c5b43,34ul1267-4444-9999-0000-123456789012,e4c9ae9c-0aff-11f0-9250-0050564c5b43,passed,2025-09-15 20:15:08,7eae20a3-d233-11f0-8ce9-0050564c5b43,2023-12-06,app
f3eb7d13-f9ce-11f0-9c6b-0050564c5b43,182293a4-8888-bbbb-ffff-890123456712,81b428dd-0b00-11f0-9250-0050564c5b43,passed,2026-01-25 09:19:29,7eae20a3-d233-11f0-8ce9-0050564c5b43,2026-10-26,feueron
f435e196-f9ce-11f0-9c6b-0050564c5b43,182293a4-8888-bbbb-ffff-890123456712,81bb552f-0b00-11f0-9250-0050564c5b43,passed,2026-01-25 09:19:30,7eae20a3-d233-11f0-8ce9-0050564c5b43,2026-05-16,feueron
f45b209e-f9cd-11f0-9c6b-0050564c5b43,3d3cac78-13af-4a2e-84c1-dc2e6a83eeee,81b428dd-0b00-11f0-9250-0050564c5b43,passed,2026-01-25 09:12:21,7eae20a3-d233-11f0-8ce9-0050564c5b43,2026-11-30,feueron
f48d3149-e88f-11f0-8ce9-0050564c5b43,e5481491-1445-4af8-bf56-c7aeeff3cde0,81b428dd-0b00-11f0-9250-0050564c5b43,passed,2026-01-03 10:35:42,7eae20a3-d233-11f0-8ce9-0050564c5b43,2026-10-26,feueron
f4a85870-f9cd-11f0-9c6b-0050564c5b43,3d3cac78-13af-4a2e-84c1-dc2e6a83eeee,81bb552f-0b00-11f0-9250-0050564c5b43,passed,2026-01-25 09:12:21,7eae20a3-d233-11f0-8ce9-0050564c5b43,2026-04-27,feueron
f4b9bb64-0aff-11f0-9250-0050564c5b43,45vm2378-5555-aaaa-1111-234567890123,e4c9ae9c-0aff-11f0-9250-0050564c5b43,passed,2025-09-15 20:15:08,7eae20a3-d233-11f0-8ce9-0050564c5b43,2024-11-02,app
f4cc9c84-27a7-11f0-a302-0050564c5b43,182293a4-8888-bbbb-ffff-890123456712,b3d855bf-0bc5-11f0-9250-0050564c5b43,passed,2025-09-15 20:15:08,7eae20a3-d233-11f0-8ce9-0050564c5b43,,feueron
f4d34ffb-e88f-11f0-8ce9-0050564c5b43,e5481491-1445-4af8-bf56-c7aeeff3cde0,81cbff32-0b00-11f0-9250-0050564c5b43,passed,2026-01-03 10:35:43,7eae20a3-d233-11f0-8ce9-0050564c5b43,2026-11-17,feueron
f519628d-e88f-11f0-8ce9-0050564c5b43,e5481491-1445-4af8-bf56-c7aeeff3cde0,81bb552f-0b00-11f0-9250-0050564c5b43,passed,2026-01-03 10:35:43,7eae20a3-d233-11f0-8ce9-0050564c5b43,2026-12-19,feueron
f584b060-0aff-11f0-9250-0050564c5b43,56wn3489-6666-bbbb-2222-345678901234,e4c9ae9c-0aff-11f0-9250-0050564c5b43,passed,2025-09-15 20:15:08,7eae20a3-d233-11f0-8ce9-0050564c5b43,2020-12-31,app
f5abeda6-de93-11f0-8ce9-0050564c5b43,e5481491-1445-4af8-bf56-c7aeeff3cde0,81cbff32-0b00-11f0-9250-0050564c5b43,passed,2025-12-21 17:39:10,7eae20a3-d233-11f0-8ce9-0050564c5b43,2025-11-09,app
f651a222-b1c9-11ef-b620-0242ac110002,e55f6071-5555-8888-cccc-5678901234ef,6cb5eb2e-b1c4-11ef-b620-0242ac110002,passed,2025-09-15 20:15:08,7eae20a3-d233-11f0-8ce9-0050564c5b43,,feueron
f651a8bb-b1c9-11ef-b620-0242ac110002,e55f6071-5555-8888-cccc-5678901234ef,6cb24b8e-b1c4-11ef-b620-0242ac110002,passed,2025-09-15 20:15:08,7eae20a3-d233-11f0-8ce9-0050564c5b43,,feueron
f651a9b6-b1c9-11ef-b620-0242ac110002,e55f6071-5555-8888-cccc-5678901234ef,6cb9eaba-b1c4-11ef-b620-0242ac110002,passed,2025-09-15 20:15:08,7eae20a3-d233-11f0-8ce9-0050564c5b43,,feueron
f651aa98-b1c9-11ef-b620-0242ac110002,e55f6071-5555-8888-cccc-5678901234ef,6cac2e12-b1c4-11ef-b620-0242ac110002,passed,2025-09-15 20:15:08,7eae20a3-d233-11f0-8ce9-0050564c5b43,,feueron
f651ab54-b1c9-11ef-b620-0242ac110002,e55f6071-5555-8888-cccc-5678901234ef,6ca9021d-b1c4-11ef-b620-0242ac110002,passed,2025-09-15 20:15:08,7eae20a3-d233-11f0-8ce9-0050564c5b43,,feueron
f651ac89-b1c9-11ef-b620-0242ac110002,e55f6071-5555-8888-cccc-5678901234ef,6cb8662d-b1c4-11ef-b620-0242ac110002,passed,2025-09-15 20:15:08,7eae20a3-d233-11f0-8ce9-0050564c5b43,,feueron
f651ad73-b1c9-11ef-b620-0242ac110002,e55f6071-5555-8888-cccc-5678901234ef,6caa8267-b1c4-11ef-b620-0242ac110002,passed,2025-09-15 20:15:08,7eae20a3-d233-11f0-8ce9-0050564c5b43,,feueron
f651ae2c-b1c9-11ef-b620-0242ac110002,e55f6071-5555-8888-cccc-5678901234ef,6ca7e067-b1c4-11ef-b620-0242ac110002,passed,2025-09-15 20:15:08,7eae20a3-d233-11f0-8ce9-0050564c5b43,,feueron
f651aef7-b1c9-11ef-b620-0242ac110002,e55f6071-5555-8888-cccc-5678901234ef,6cb33f49-b1c4-11ef-b620-0242ac110002,passed,2025-09-15 20:15:08,7eae20a3-d233-11f0-8ce9-0050564c5b43,,feueron
f651afbd-b1c9-11ef-b620-0242ac110002,e55f6071-5555-8888-cccc-5678901234ef,6ca43f84-b1c4-11ef-b620-0242ac110002,passed,2025-09-15 20:15:08,7eae20a3-d233-11f0-8ce9-0050564c5b43,,feueron
f6520564-0aff-11f0-9250-0050564c5b43,2fc8a447-1a2e-408f-99da-b9cf17af7458,e4c9ae9c-0aff-11f0-9250-0050564c5b43,passed,2025-09-15 20:15:08,7eae20a3-d233-11f0-8ce9-0050564c5b43,2025-01-30,app
f68326fc-9923-11f0-818f-0050564c5b43,078h8934-7777-cccc-dddd-8901234567ef,81cbff32-0b00-11f0-9250-0050564c5b43,passed,2025-09-24 08:53:38,7eae20a3-d233-11f0-8ce9-0050564c5b43,2026-08-05,feueron
f6a409f7-247d-11f0-a302-0050564c5b43,902f3044-34ce-4ae9-bc52-2fe30c0f6734,6ca9021d-b1c4-11ef-b620-0242ac110002,passed,2025-09-15 20:15:08,7eae20a3-d233-11f0-8ce9-0050564c5b43,,app
f6aa38ab-9923-11f0-818f-0050564c5b43,078h8934-7777-cccc-dddd-8901234567ef,e4c9ae9c-0aff-11f0-9250-0050564c5b43,passed,2025-09-24 08:53:38,7eae20a3-d233-11f0-8ce9-0050564c5b43,2026-04-13,feueron
f72c6e33-0b07-11f0-9250-0050564c5b43,4b55c6d7-bbbb-eeee-2222-123456789045,81c11937-0b00-11f0-9250-0050564c5b43,passed,2025-09-15 20:15:08,7eae20a3-d233-11f0-8ce9-0050564c5b43,2025-03-08,app
f72c6e39-0b07-11f0-9250-0050564c5b43,4b55c6d7-bbbb-eeee-2222-123456789045,81b428dd-0b00-11f0-9250-0050564c5b43,passed,2025-09-15 20:15:08,7eae20a3-d233-11f0-8ce9-0050564c5b43,2025-03-08,app
f72c7029-0b07-11f0-9250-0050564c5b43,4b55c6d7-bbbb-eeee-2222-123456789045,81bb552f-0b00-11f0-9250-0050564c5b43,passed,2025-09-15 20:15:08,7eae20a3-d233-11f0-8ce9-0050564c5b43,2024-12-16,app
f72c72a9-0b07-11f0-9250-0050564c5b43,4b55c6d7-bbbb-eeee-2222-123456789045,e4c9ae9c-0aff-11f0-9250-0050564c5b43,passed,2025-09-15 20:15:08,7eae20a3-d233-11f0-8ce9-0050564c5b43,2026-12-31,app
f745b001-0af0-11f0-9250-0050564c5b43,2917e590-4c06-4221-bae5-2a0d943980f8,6cb5eb2e-b1c4-11ef-b620-0242ac110002,passed,2025-09-15 20:15:08,7eae20a3-d233-11f0-8ce9-0050564c5b43,,app
f745b89e-0af0-11f0-9250-0050564c5b43,2917e590-4c06-4221-bae5-2a0d943980f8,6cb486c8-b1c4-11ef-b620-0242ac110002,passed,2025-09-15 20:15:08,7eae20a3-d233-11f0-8ce9-0050564c5b43,,app
f745c6b3-0af0-11f0-9250-0050564c5b43,2917e590-4c06-4221-bae5-2a0d943980f8,6cac2e12-b1c4-11ef-b620-0242ac110002,passed,2025-09-15 20:15:08,7eae20a3-d233-11f0-8ce9-0050564c5b43,,app
f745c7fb-0af0-11f0-9250-0050564c5b43,2917e590-4c06-4221-bae5-2a0d943980f8,6cb33f49-b1c4-11ef-b620-0242ac110002,passed,2025-09-15 20:15:08,7eae20a3-d233-11f0-8ce9-0050564c5b43,,app
f745c80f-0af0-11f0-9250-0050564c5b43,2917e590-4c06-4221-bae5-2a0d943980f8,6ca7e067-b1c4-11ef-b620-0242ac110002,passed,2025-09-15 20:15:08,7eae20a3-d233-11f0-8ce9-0050564c5b43,,app
f745cb7c-0af0-11f0-9250-0050564c5b43,2917e590-4c06-4221-bae5-2a0d943980f8,6cad47b9-b1c4-11ef-b620-0242ac110002,passed,2025-09-15 20:15:08,7eae20a3-d233-11f0-8ce9-0050564c5b43,,app
f77a5588-bda1-11f0-be7f-0050564c5b43,3a44b5c6-aaaa-dddd-1111-012345678934,6cb486c8-b1c4-11ef-b620-0242ac110002,passed,2025-11-09 19:26:18,7eae20a3-d233-11f0-8ce9-0050564c5b43,,app
f7cd7fe2-941b-11f0-93be-0050564c5b43,3d3cac78-13af-4a2e-84c1-dc2e6a83eeee,6ca6a4d8-b1c4-11ef-b620-0242ac110002,not-passed,2025-09-17 23:13:49,7eae20a3-d233-11f0-8ce9-0050564c5b43,,app
f80f80ed-0af0-11f0-9250-0050564c5b43,63a16d7d-db4f-4e2c-977d-3c384b92b6fa,6cb8662d-b1c4-11ef-b620-0242ac110002,passed,2025-09-15 20:15:08,7eae20a3-d233-11f0-8ce9-0050564c5b43,,feueron
f879396c-a20b-11f0-818f-0050564c5b43,3d3cac78-13af-4a2e-84c1-dc2e6a83eeee,4d1593a6-32a2-11f0-a302-0050564c5b43,passed,2025-10-05 16:54:34,7eae20a3-d233-11f0-8ce9-0050564c5b43,2029-05-16,app
f892fdb7-2c3f-11f1-9c6b-0050564c5b43,052d4e18-26b4-4c0c-9290-416e9e7bb6d5,81b428dd-0b00-11f0-9250-0050564c5b43,passed,2026-03-30 13:54:27,7eae20a3-d233-11f0-8ce9-0050564c5b43,2027-02-02,feueron
f96580f0-9921-11f0-818f-0050564c5b43,1f36d1aa-a322-49c3-89ea-98ae61c5e6c1,81cbff32-0b00-11f0-9250-0050564c5b43,passed,2025-09-24 08:39:24,7eae20a3-d233-11f0-8ce9-0050564c5b43,2026-02-25,feueron
fabf60b6-081f-11f1-9c6b-0050564c5b43,1f36d1aa-a322-49c3-89ea-98ae61c5e6c1,81b428dd-0b00-11f0-9250-0050564c5b43,passed,2026-02-12 14:34:46,7eae20a3-d233-11f0-8ce9-0050564c5b43,2026-10-27,feueron
fad6d87f-081f-11f1-9c6b-0050564c5b43,1f36d1aa-a322-49c3-89ea-98ae61c5e6c1,81bb552f-0b00-11f0-9250-0050564c5b43,passed,2026-02-12 14:34:47,7eae20a3-d233-11f0-8ce9-0050564c5b43,2026-12-20,feueron
fb3a11e8-941b-11f0-93be-0050564c5b43,3d3cac78-13af-4a2e-84c1-dc2e6a83eeee,b3d855bf-0bc5-11f0-9250-0050564c5b43,passed,2025-09-17 23:13:54,7eae20a3-d233-11f0-8ce9-0050564c5b43,,app
fb50b44c-0109-11f1-9c6b-0050564c5b43,c65b3343-e4f0-43e1-8575-1c38e5549386,6cb24b8e-b1c4-11ef-b620-0242ac110002,passed,2026-02-03 14:09:40,7eae20a3-d233-11f0-8ce9-0050564c5b43,2029-04-07,feueron
fb64c3c2-b1c9-11ef-b620-0242ac110002,f6607182-6666-9999-dddd-6789012345f0,6cb5eb2e-b1c4-11ef-b620-0242ac110002,passed,2025-09-15 20:15:08,7eae20a3-d233-11f0-8ce9-0050564c5b43,,feueron
fb64c9b8-b1c9-11ef-b620-0242ac110002,f6607182-6666-9999-dddd-6789012345f0,6cb9eaba-b1c4-11ef-b620-0242ac110002,passed,2025-09-15 20:15:08,7eae20a3-d233-11f0-8ce9-0050564c5b43,,feueron
fb64ccc0-b1c9-11ef-b620-0242ac110002,f6607182-6666-9999-dddd-6789012345f0,6ca9021d-b1c4-11ef-b620-0242ac110002,passed,2025-09-15 20:15:08,7eae20a3-d233-11f0-8ce9-0050564c5b43,,feueron
fb64ceaa-b1c9-11ef-b620-0242ac110002,f6607182-6666-9999-dddd-6789012345f0,6cb8662d-b1c4-11ef-b620-0242ac110002,passed,2025-09-15 20:15:08,7eae20a3-d233-11f0-8ce9-0050564c5b43,,feueron
fb64cf59-b1c9-11ef-b620-0242ac110002,f6607182-6666-9999-dddd-6789012345f0,6caa8267-b1c4-11ef-b620-0242ac110002,passed,2025-09-15 20:15:08,7eae20a3-d233-11f0-8ce9-0050564c5b43,,feueron
fb64cfe7-b1c9-11ef-b620-0242ac110002,f6607182-6666-9999-dddd-6789012345f0,6ca7e067-b1c4-11ef-b620-0242ac110002,passed,2025-09-15 20:15:08,7eae20a3-d233-11f0-8ce9-0050564c5b43,,feueron
fb64d070-b1c9-11ef-b620-0242ac110002,f6607182-6666-9999-dddd-6789012345f0,6cb33f49-b1c4-11ef-b620-0242ac110002,passed,2025-09-15 20:15:08,7eae20a3-d233-11f0-8ce9-0050564c5b43,,feueron
fb9323cf-0af0-11f0-9250-0050564c5b43,bf4714b3-cfcb-4782-b6b3-13753a030344,6cb486c8-b1c4-11ef-b620-0242ac110002,passed,2025-09-15 20:15:08,7eae20a3-d233-11f0-8ce9-0050564c5b43,,app
fb9337b9-0af0-11f0-9250-0050564c5b43,bf4714b3-cfcb-4782-b6b3-13753a030344,6cb33f49-b1c4-11ef-b620-0242ac110002,passed,2025-09-15 20:15:08,7eae20a3-d233-11f0-8ce9-0050564c5b43,,app
fb933dfe-0af0-11f0-9250-0050564c5b43,bf4714b3-cfcb-4782-b6b3-13753a030344,6caa8267-b1c4-11ef-b620-0242ac110002,passed,2025-09-15 20:15:08,7eae20a3-d233-11f0-8ce9-0050564c5b43,,app
fb933f5e-0af0-11f0-9250-0050564c5b43,bf4714b3-cfcb-4782-b6b3-13753a030344,6cac2e12-b1c4-11ef-b620-0242ac110002,passed,2025-09-15 20:15:08,7eae20a3-d233-11f0-8ce9-0050564c5b43,,app
fb934008-0af0-11f0-9250-0050564c5b43,bf4714b3-cfcb-4782-b6b3-13753a030344,6cad47b9-b1c4-11ef-b620-0242ac110002,passed,2025-09-15 20:15:08,7eae20a3-d233-11f0-8ce9-0050564c5b43,,app
fb934fcf-0af0-11f0-9250-0050564c5b43,bf4714b3-cfcb-4782-b6b3-13753a030344,6ca43f84-b1c4-11ef-b620-0242ac110002,passed,2025-09-15 20:15:08,7eae20a3-d233-11f0-8ce9-0050564c5b43,,app
fc40b92f-1193-11f1-9c6b-0050564c5b43,ae9b72da-bcd3-40f7-ac31-19f8b168c0b5,e4c9ae9c-0aff-11f0-9250-0050564c5b43,passed,2026-02-24 15:17:51,7eae20a3-d233-11f0-8ce9-0050564c5b43,2029-01-26,feueron
fd389a51-0820-11f1-9c6b-0050564c5b43,63a16d7d-db4f-4e2c-977d-3c384b92b6fa,81bb552f-0b00-11f0-9250-0050564c5b43,passed,2026-02-12 14:42:00,7eae20a3-d233-11f0-8ce9-0050564c5b43,2026-04-28,feueron
fd61e2a5-9921-11f0-818f-0050564c5b43,12ctd9045-cccc-1111-8888-90123456789,81cbff32-0b00-11f0-9250-0050564c5b43,passed,2025-09-24 08:39:31,7eae20a3-d233-11f0-8ce9-0050564c5b43,2026-07-29,feueron
fd888a1d-9921-11f0-818f-0050564c5b43,12ctd9045-cccc-1111-8888-90123456789,e4c9ae9c-0aff-11f0-9250-0050564c5b43,passed,2025-09-24 08:39:31,7eae20a3-d233-11f0-8ce9-0050564c5b43,2026-01-26,feueron
fdb42256-9921-11f0-818f-0050564c5b43,12ctd9045-cccc-1111-8888-90123456789,81bb552f-0b00-11f0-9250-0050564c5b43,passed,2025-09-24 08:39:31,7eae20a3-d233-11f0-8ce9-0050564c5b43,2021-09-25,feueron
fdc423bd-2c3f-11f1-9c6b-0050564c5b43,85412c95-9ed2-4f6e-9359-431a0d3f9ebd,e4c9ae9c-0aff-11f0-9250-0050564c5b43,passed,2026-03-30 13:54:36,7eae20a3-d233-11f0-8ce9-0050564c5b43,2028-08-12,feueron
fdc9c7a4-010b-11f1-9c6b-0050564c5b43,3a44b5c6-aaaa-dddd-1111-012345678934,81b428dd-0b00-11f0-9250-0050564c5b43,passed,2026-02-03 14:24:03,7eae20a3-d233-11f0-8ce9-0050564c5b43,2026-10-10,feueron
fde8ed7c-9921-11f0-818f-0050564c5b43,12ctd9045-cccc-1111-8888-90123456789,81b428dd-0b00-11f0-9250-0050564c5b43,passed,2025-09-24 08:39:32,7eae20a3-d233-11f0-8ce9-0050564c5b43,2021-09-25,feueron
fe131384-010b-11f1-9c6b-0050564c5b43,3a44b5c6-aaaa-dddd-1111-012345678934,81bb552f-0b00-11f0-9250-0050564c5b43,passed,2026-02-03 14:24:04,7eae20a3-d233-11f0-8ce9-0050564c5b43,2026-12-19,feueron
fe181efb-9921-11f0-818f-0050564c5b43,12ctd9045-cccc-1111-8888-90123456789,6ca7e067-b1c4-11ef-b620-0242ac110002,passed,2025-09-24 08:39:32,7eae20a3-d233-11f0-8ce9-0050564c5b43,,feueron
fe3e091f-de94-11f0-8ce9-0050564c5b43,d4e03bf9-070f-4993-ac8e-86a806b03dfc,e4c9ae9c-0aff-11f0-9250-0050564c5b43,passed,2025-12-21 17:46:34,7eae20a3-d233-11f0-8ce9-0050564c5b43,2028-11-01,app
fe45eeba-9921-11f0-818f-0050564c5b43,12ctd9045-cccc-1111-8888-90123456789,6caa8267-b1c4-11ef-b620-0242ac110002,passed,2025-09-24 08:39:32,7eae20a3-d233-11f0-8ce9-0050564c5b43,,feueron
fe469b93-247d-11f0-a302-0050564c5b43,5cdm3489-cccc-1111-2222-345678901234,6ca9021d-b1c4-11ef-b620-0242ac110002,passed,2025-09-15 20:15:08,7eae20a3-d233-11f0-8ce9-0050564c5b43,,app
fe723d6b-9921-11f0-818f-0050564c5b43,12ctd9045-cccc-1111-8888-90123456789,6cb9eaba-b1c4-11ef-b620-0242ac110002,passed,2025-09-24 08:39:32,7eae20a3-d233-11f0-8ce9-0050564c5b43,,feueron
fe7defe6-f9cf-11f0-9c6b-0050564c5b43,d45ef560-4444-7777-bbbb-0123456789de,6ca6a4d8-b1c4-11ef-b620-0242ac110002,passed,2026-01-25 09:26:57,7eae20a3-d233-11f0-8ce9-0050564c5b43,2022-11-22,feueron
ff12147a-de93-11f0-8ce9-0050564c5b43,e5481491-1445-4af8-bf56-c7aeeff3cde0,81cbff32-0b00-11f0-9250-0050564c5b43,passed,2025-12-21 17:39:26,7eae20a3-d233-11f0-8ce9-0050564c5b43,2026-11-17,app
ff6ff3c9-247d-11f0-a302-0050564c5b43,6den4590-dddd-2222-3333-456789012345,6ca9021d-b1c4-11ef-b620-0242ac110002,passed,2025-09-15 20:15:08,7eae20a3-d233-11f0-8ce9-0050564c5b43,,feueron
ff8f8d14-0af0-11f0-9250-0050564c5b43,bd3753bb-a688-4a37-b033-df3a54d2ae58,6cb33f49-b1c4-11ef-b620-0242ac110002,passed,2025-09-15 20:15:08,7eae20a3-d233-11f0-8ce9-0050564c5b43,,app
ff8f9c07-0af0-11f0-9250-0050564c5b43,bd3753bb-a688-4a37-b033-df3a54d2ae58,6cb8662d-b1c4-11ef-b620-0242ac110002,attended,2025-09-15 20:15:08,7eae20a3-d233-11f0-8ce9-0050564c5b43,,app
ffcc5404-9922-11f0-818f-0050564c5b43,23due0156-dddd-2222-9999-01234567890,81cbff32-0b00-11f0-9250-0050564c5b43,passed,2025-09-24 08:46:44,7eae20a3-d233-11f0-8ce9-0050564c5b43,2020-11-21,feueron
ffd98243-b1c5-11ef-b620-0242ac110002,11d515ba-efb4-472a-89d6-820b234f0f6a,6ca6a4d8-b1c4-11ef-b620-0242ac110002,passed,2025-09-15 20:15:08,7eae20a3-d233-11f0-8ce9-0050564c5b43,,feueron
ffd987e3-b1c5-11ef-b620-0242ac110002,11d515ba-efb4-472a-89d6-820b234f0f6a,6cad47b9-b1c4-11ef-b620-0242ac110002,passed,2025-09-15 20:15:08,7eae20a3-d233-11f0-8ce9-0050564c5b43,,feueron
ffd9892f-b1c5-11ef-b620-0242ac110002,11d515ba-efb4-472a-89d6-820b234f0f6a,6cb5eb2e-b1c4-11ef-b620-0242ac110002,passed,2025-09-15 20:15:08,7eae20a3-d233-11f0-8ce9-0050564c5b43,,feueron
ffd989a2-b1c5-11ef-b620-0242ac110002,11d515ba-efb4-472a-89d6-820b234f0f6a,6cac2e12-b1c4-11ef-b620-0242ac110002,passed,2025-09-15 20:15:08,7eae20a3-d233-11f0-8ce9-0050564c5b43,,feueron
ffd98a0b-b1c5-11ef-b620-0242ac110002,11d515ba-efb4-472a-89d6-820b234f0f6a,6cb486c8-b1c4-11ef-b620-0242ac110002,passed,2025-09-15 20:15:08,7eae20a3-d233-11f0-8ce9-0050564c5b43,,feueron
ffd98a76-b1c5-11ef-b620-0242ac110002,11d515ba-efb4-472a-89d6-820b234f0f6a,6caeadd9-b1c4-11ef-b620-0242ac110002,passed,2025-09-15 20:15:08,7eae20a3-d233-11f0-8ce9-0050564c5b43,,feueron
ffd98c13-b1c5-11ef-b620-0242ac110002,11d515ba-efb4-472a-89d6-820b234f0f6a,6cb8662d-b1c4-11ef-b620-0242ac110002,passed,2025-09-15 20:15:08,7eae20a3-d233-11f0-8ce9-0050564c5b43,,feueron
ffd98c9e-b1c5-11ef-b620-0242ac110002,11d515ba-efb4-472a-89d6-820b234f0f6a,6caa8267-b1c4-11ef-b620-0242ac110002,passed,2025-09-15 20:15:08,7eae20a3-d233-11f0-8ce9-0050564c5b43,,feueron
ffd98d04-b1c5-11ef-b620-0242ac110002,11d515ba-efb4-472a-89d6-820b234f0f6a,6ca7e067-b1c4-11ef-b620-0242ac110002,passed,2025-09-15 20:15:08,7eae20a3-d233-11f0-8ce9-0050564c5b43,,feueron
ffd98d67-b1c5-11ef-b620-0242ac110002,11d515ba-efb4-472a-89d6-820b234f0f6a,6cb33f49-b1c4-11ef-b620-0242ac110002,passed,2025-09-15 20:15:08,7eae20a3-d233-11f0-8ce9-0050564c5b43,,feueron
ffefaa9f-9922-11f0-818f-0050564c5b43,23due0156-dddd-2222-9999-01234567890,81bb552f-0b00-11f0-9250-0050564c5b43,passed,2025-09-24 08:46:44,7eae20a3-d233-11f0-8ce9-0050564c5b43,2020-11-21,feueron
